{"type": "FeatureCollection", "features": [{"type": "Feature", "properties": {"id": 0, "highway": "primary"}, "geometry": {"type": "LineString", "coordinates": [[77.2, 28.61], [77.20166666666667, 28.61]]}}, {"type": "Feature", "properties": {"id": 1, "highway": "primary"}, "geometry": {"type": "LineString", "coordinates": [[77.20166666666667, 28.61], [77.20333333333333, 28.61]]}}, {"type": "Feature", "properties": {"id": 2, "highway": "primary"}, "geometry": {"type": "LineString", "coordinates": [[77.20333333333333, 28.61], [77.205, 28.61]]}}, {"type": "Feature", "properties": {"id": 3, "highway": "primary"}, "geometry": {"type": "LineString", "coordinates": [[77.205, 28.61], [77.20666666666666, 28.61]]}}, {"type": "Feature", "properties": {"id": 4, "highway": "primary"}, "geometry": {"type": "LineString", "coordinates": [[77.20666666666666, 28.61], [77.20833333333334, 28.61]]}}, {"type": "Feature", "properties": {"id": 5, "highway": "primary"}, "geometry": {"type": "LineString", "coordinates": [[77.20833333333334, 28.61], [77.21000000000001, 28.61]]}}, {"type": "Feature", "properties": {"id": 6, "highway": "primary"}, "geometry": {"type": "LineString", "coordinates": [[77.21000000000001, 28.61], [77.21166666666667, 28.61]]}}, {"type": "Feature", "properties": {"id": 7, "highway": "primary"}, "geometry": {"type": "LineString", "coordinates": [[77.21166666666667, 28.61], [77.21333333333334, 28.61]]}}, {"type": "Feature", "properties": {"id": 8, "highway": "primary"}, "geometry": {"type": "LineString", "coordinates": [[77.21333333333334, 28.61], [77.215, 28.61]]}}, {"type": "Feature", "properties": {"id": 9, "highway": "primary"}, "geometry": {"type": "LineString", "coordinates": [[77.215, 28.61], [77.21666666666667, 28.61]]}}, {"type": "Feature", "properties": {"id": 10, "highway": "primary"}, "geometry": {"type": "LineString", "coordinates": [[77.21666666666667, 28.61], [77.21833333333333, 28.61]]}}, {"type": "Feature", "properties": {"id": 11, "highway": "primary"}, "geometry": {"type": "LineString", "coordinates": [[77.21833333333333, 28.61], [77.22, 28.61]]}}, {"type": "Feature", "properties": {"id": 12, "highway": "primary"}, "geometry": {"type": "LineString", "coordinates": [[77.22, 28.61], [77.22166666666666, 28.61]]}}, {"type": "Feature", "properties": {"id": 13, "highway": "primary"}, "geometry": {"type": "LineString", "coordinates": [[77.22166666666666, 28.61], [77.22333333333333, 28.61]]}}, {"type": "Feature", "properties": {"id": 14, "highway": "primary"}, "geometry": {"type": "LineString", "coordinates": [[77.22333333333333, 28.61], [77.225, 28.61]]}}, {"type": "Feature", "properties": {"id": 15, "highway": "primary"}, "geometry": {"type": "LineString", "coordinates": [[77.225, 28.61], [77.22666666666667, 28.61]]}}, {"type": "Feature", "properties": {"id": 16, "highway": "primary"}, "geometry": {"type": "LineString", "coordinates": [[77.22666666666667, 28.61], [77.22833333333334, 28.61]]}}, {"type": "Feature", "properties": {"id": 17, "highway": "primary"}, "geometry": {"type": "LineString", "coordinates": [[77.22833333333334, 28.61], [77.23, 28.61]]}}, {"type": "Feature", "properties": {"id": 18, "highway": "primary"}, "geometry": {"type": "LineString", "coordinates": [[77.23, 28.61], [77.23166666666667, 28.61]]}}, {"type": "Feature", "properties": {"id": 19, "highway": "primary"}, "geometry": {"type": "LineString", "coordinates": [[77.23166666666667, 28.61], [77.23333333333333, 28.61]]}}, {"type": "Feature", "properties": {"id": 20, "highway": "primary"}, "geometry": {"type": "LineString", "coordinates": [[77.23333333333333, 28.61], [77.235, 28.61]]}}, {"type": "Feature", "properties": {"id": 21, "highway": "primary"}, "geometry": {"type": "LineString", "coordinates": [[77.235, 28.61], [77.23666666666666, 28.61]]}}, {"type": "Feature", "properties": {"id": 22, "highway": "primary"}, "geometry": {"type": "LineString", "coordinates": [[77.23666666666666, 28.61], [77.23833333333333, 28.61]]}}, {"type": "Feature", "properties": {"id": 23, "highway": "primary"}, "geometry": {"type": "LineString", "coordinates": [[77.23833333333333, 28.61], [77.24, 28.61]]}}, {"type": "Feature", "properties": {"id": 24, "highway": "primary"}, "geometry": {"type": "LineString", "coordinates": [[77.24, 28.61], [77.24166666666667, 28.61]]}}, {"type": "Feature", "properties": {"id": 25, "highway": "primary"}, "geometry": {"type": "LineString", "coordinates": [[77.24166666666667, 28.61], [77.24333333333334, 28.61]]}}, {"type": "Feature", "properties": {"id": 26, "highway": "primary"}, "geometry": {"type": "LineString", "coordinates": [[77.24333333333334, 28.61], [77.245, 28.61]]}}, {"type": "Feature", "properties": {"id": 27, "highway": "primary"}, "geometry": {"type": "LineString", "coordinates": [[77.245, 28.61], [77.24666666666667, 28.61]]}}, {"type": "Feature", "properties": {"id": 28, "highway": "primary"}, "geometry": {"type": "LineString", "coordinates": [[77.24666666666667, 28.61], [77.24833333333333, 28.61]]}}, {"type": "Feature", "properties": {"id": 29, "highway": "primary"}, "geometry": {"type": "LineString", "coordinates": [[77.2, 28.611333333333334], [77.20166666666667, 28.611333333333334]]}}, {"type": "Feature", "properties": {"id": 30, "highway": "primary"}, "geometry": {"type": "LineString", "coordinates": [[77.20166666666667, 28.611333333333334], [77.20333333333333, 28.611333333333334]]}}, {"type": "Feature", "properties": {"id": 31, "highway": "primary"}, "geometry": {"type": "LineString", "coordinates": [[77.20333333333333, 28.611333333333334], [77.205, 28.611333333333334]]}}, {"type": "Feature", "properties": {"id": 32, "highway": "primary"}, "geometry": {"type": "LineString", "coordinates": [[77.205, 28.611333333333334], [77.20666666666666, 28.611333333333334]]}}, {"type": "Feature", "properties": {"id": 33, "highway": "primary"}, "geometry": {"type": "LineString", "coordinates": [[77.20666666666666, 28.611333333333334], [77.20833333333334, 28.611333333333334]]}}, {"type": "Feature", "properties": {"id": 34, "highway": "primary"}, "geometry": {"type": "LineString", "coordinates": [[77.20833333333334, 28.611333333333334], [77.21000000000001, 28.611333333333334]]}}, {"type": "Feature", "properties": {"id": 35, "highway": "primary"}, "geometry": {"type": "LineString", "coordinates": [[77.21000000000001, 28.611333333333334], [77.21166666666667, 28.611333333333334]]}}, {"type": "Feature", "properties": {"id": 36, "highway": "primary"}, "geometry": {"type": "LineString", "coordinates": [[77.21166666666667, 28.611333333333334], [77.21333333333334, 28.611333333333334]]}}, {"type": "Feature", "properties": {"id": 37, "highway": "primary"}, "geometry": {"type": "LineString", "coordinates": [[77.21333333333334, 28.611333333333334], [77.215, 28.611333333333334]]}}, {"type": "Feature", "properties": {"id": 38, "highway": "primary"}, "geometry": {"type": "LineString", "coordinates": [[77.215, 28.611333333333334], [77.21666666666667, 28.611333333333334]]}}, {"type": "Feature", "properties": {"id": 39, "highway": "primary"}, "geometry": {"type": "LineString", "coordinates": [[77.21666666666667, 28.611333333333334], [77.21833333333333, 28.611333333333334]]}}, {"type": "Feature", "properties": {"id": 40, "highway": "primary"}, "geometry": {"type": "LineString", "coordinates": [[77.21833333333333, 28.611333333333334], [77.22, 28.611333333333334]]}}, {"type": "Feature", "properties": {"id": 41, "highway": "primary"}, "geometry": {"type": "LineString", "coordinates": [[77.22, 28.611333333333334], [77.22166666666666, 28.611333333333334]]}}, {"type": "Feature", "properties": {"id": 42, "highway": "primary"}, "geometry": {"type": "LineString", "coordinates": [[77.22166666666666, 28.611333333333334], [77.22333333333333, 28.611333333333334]]}}, {"type": "Feature", "properties": {"id": 43, "highway": "primary"}, "geometry": {"type": "LineString", "coordinates": [[77.22333333333333, 28.611333333333334], [77.225, 28.611333333333334]]}}, {"type": "Feature", "properties": {"id": 44, "highway": "primary"}, "geometry": {"type": "LineString", "coordinates": [[77.225, 28.611333333333334], [77.22666666666667, 28.611333333333334]]}}, {"type": "Feature", "properties": {"id": 45, "highway": "primary"}, "geometry": {"type": "LineString", "coordinates": [[77.22666666666667, 28.611333333333334], [77.22833333333334, 28.611333333333334]]}}, {"type": "Feature", "properties": {"id": 46, "highway": "primary"}, "geometry": {"type": "LineString", "coordinates": [[77.22833333333334, 28.611333333333334], [77.23, 28.611333333333334]]}}, {"type": "Feature", "properties": {"id": 47, "highway": "primary"}, "geometry": {"type": "LineString", "coordinates": [[77.23, 28.611333333333334], [77.23166666666667, 28.611333333333334]]}}, {"type": "Feature", "properties": {"id": 48, "highway": "primary"}, "geometry": {"type": "LineString", "coordinates": [[77.23166666666667, 28.611333333333334], [77.23333333333333, 28.611333333333334]]}}, {"type": "Feature", "properties": {"id": 49, "highway": "primary"}, "geometry": {"type": "LineString", "coordinates": [[77.23333333333333, 28.611333333333334], [77.235, 28.611333333333334]]}}, {"type": "Feature", "properties": {"id": 50, "highway": "primary"}, "geometry": {"type": "LineString", "coordinates": [[77.235, 28.611333333333334], [77.23666666666666, 28.611333333333334]]}}, {"type": "Feature", "properties": {"id": 51, "highway": "primary"}, "geometry": {"type": "LineString", "coordinates": [[77.23666666666666, 28.611333333333334], [77.23833333333333, 28.611333333333334]]}}, {"type": "Feature", "properties": {"id": 52, "highway": "primary"}, "geometry": {"type": "LineString", "coordinates": [[77.23833333333333, 28.611333333333334], [77.24, 28.611333333333334]]}}, {"type": "Feature", "properties": {"id": 53, "highway": "primary"}, "geometry": {"type": "LineString", "coordinates": [[77.24, 28.611333333333334], [77.24166666666667, 28.611333333333334]]}}, {"type": "Feature", "properties": {"id": 54, "highway": "primary"}, "geometry": {"type": "LineString", "coordinates": [[77.24166666666667, 28.611333333333334], [77.24333333333334, 28.611333333333334]]}}, {"type": "Feature", "properties": {"id": 55, "highway": "primary"}, "geometry": {"type": "LineString", "coordinates": [[77.24333333333334, 28.611333333333334], [77.245, 28.611333333333334]]}}, {"type": "Feature", "properties": {"id": 56, "highway": "primary"}, "geometry": {"type": "LineString", "coordinates": [[77.245, 28.611333333333334], [77.24666666666667, 28.611333333333334]]}}, {"type": "Feature", "properties": {"id": 57, "highway": "primary"}, "geometry": {"type": "LineString", "coordinates": [[77.24666666666667, 28.611333333333334], [77.24833333333333, 28.611333333333334]]}}, {"type": "Feature", "properties": {"id": 58, "highway": "primary"}, "geometry": {"type": "LineString", "coordinates": [[77.2, 28.612666666666666], [77.20166666666667, 28.612666666666666]]}}, {"type": "Feature", "properties": {"id": 59, "highway": "primary"}, "geometry": {"type": "LineString", "coordinates": [[77.20166666666667, 28.612666666666666], [77.20333333333333, 28.612666666666666]]}}, {"type": "Feature", "properties": {"id": 60, "highway": "primary"}, "geometry": {"type": "LineString", "coordinates": [[77.20333333333333, 28.612666666666666], [77.205, 28.612666666666666]]}}, {"type": "Feature", "properties": {"id": 61, "highway": "primary"}, "geometry": {"type": "LineString", "coordinates": [[77.205, 28.612666666666666], [77.20666666666666, 28.612666666666666]]}}, {"type": "Feature", "properties": {"id": 62, "highway": "primary"}, "geometry": {"type": "LineString", "coordinates": [[77.20666666666666, 28.612666666666666], [77.20833333333334, 28.612666666666666]]}}, {"type": "Feature", "properties": {"id": 63, "highway": "primary"}, "geometry": {"type": "LineString", "coordinates": [[77.20833333333334, 28.612666666666666], [77.21000000000001, 28.612666666666666]]}}, {"type": "Feature", "properties": {"id": 64, "highway": "primary"}, "geometry": {"type": "LineString", "coordinates": [[77.21000000000001, 28.612666666666666], [77.21166666666667, 28.612666666666666]]}}, {"type": "Feature", "properties": {"id": 65, "highway": "primary"}, "geometry": {"type": "LineString", "coordinates": [[77.21166666666667, 28.612666666666666], [77.21333333333334, 28.612666666666666]]}}, {"type": "Feature", "properties": {"id": 66, "highway": "primary"}, "geometry": {"type": "LineString", "coordinates": [[77.21333333333334, 28.612666666666666], [77.215, 28.612666666666666]]}}, {"type": "Feature", "properties": {"id": 67, "highway": "primary"}, "geometry": {"type": "LineString", "coordinates": [[77.215, 28.612666666666666], [77.21666666666667, 28.612666666666666]]}}, {"type": "Feature", "properties": {"id": 68, "highway": "primary"}, "geometry": {"type": "LineString", "coordinates": [[77.21666666666667, 28.612666666666666], [77.21833333333333, 28.612666666666666]]}}, {"type": "Feature", "properties": {"id": 69, "highway": "primary"}, "geometry": {"type": "LineString", "coordinates": [[77.21833333333333, 28.612666666666666], [77.22, 28.612666666666666]]}}, {"type": "Feature", "properties": {"id": 70, "highway": "primary"}, "geometry": {"type": "LineString", "coordinates": [[77.22, 28.612666666666666], [77.22166666666666, 28.612666666666666]]}}, {"type": "Feature", "properties": {"id": 71, "highway": "primary"}, "geometry": {"type": "LineString", "coordinates": [[77.22166666666666, 28.612666666666666], [77.22333333333333, 28.612666666666666]]}}, {"type": "Feature", "properties": {"id": 72, "highway": "primary"}, "geometry": {"type": "LineString", "coordinates": [[77.22333333333333, 28.612666666666666], [77.225, 28.612666666666666]]}}, {"type": "Feature", "properties": {"id": 73, "highway": "primary"}, "geometry": {"type": "LineString", "coordinates": [[77.225, 28.612666666666666], [77.22666666666667, 28.612666666666666]]}}, {"type": "Feature", "properties": {"id": 74, "highway": "primary"}, "geometry": {"type": "LineString", "coordinates": [[77.22666666666667, 28.612666666666666], [77.22833333333334, 28.612666666666666]]}}, {"type": "Feature", "properties": {"id": 75, "highway": "primary"}, "geometry": {"type": "LineString", "coordinates": [[77.22833333333334, 28.612666666666666], [77.23, 28.612666666666666]]}}, {"type": "Feature", "properties": {"id": 76, "highway": "primary"}, "geometry": {"type": "LineString", "coordinates": [[77.23, 28.612666666666666], [77.23166666666667, 28.612666666666666]]}}, {"type": "Feature", "properties": {"id": 77, "highway": "primary"}, "geometry": {"type": "LineString", "coordinates": [[77.23166666666667, 28.612666666666666], [77.23333333333333, 28.612666666666666]]}}, {"type": "Feature", "properties": {"id": 78, "highway": "primary"}, "geometry": {"type": "LineString", "coordinates": [[77.23333333333333, 28.612666666666666], [77.235, 28.612666666666666]]}}, {"type": "Feature", "properties": {"id": 79, "highway": "primary"}, "geometry": {"type": "LineString", "coordinates": [[77.235, 28.612666666666666], [77.23666666666666, 28.612666666666666]]}}, {"type": "Feature", "properties": {"id": 80, "highway": "primary"}, "geometry": {"type": "LineString", "coordinates": [[77.23666666666666, 28.612666666666666], [77.23833333333333, 28.612666666666666]]}}, {"type": "Feature", "properties": {"id": 81, "highway": "primary"}, "geometry": {"type": "LineString", "coordinates": [[77.23833333333333, 28.612666666666666], [77.24, 28.612666666666666]]}}, {"type": "Feature", "properties": {"id": 82, "highway": "primary"}, "geometry": {"type": "LineString", "coordinates": [[77.24, 28.612666666666666], [77.24166666666667, 28.612666666666666]]}}, {"type": "Feature", "properties": {"id": 83, "highway": "primary"}, "geometry": {"type": "LineString", "coordinates": [[77.24166666666667, 28.612666666666666], [77.24333333333334, 28.612666666666666]]}}, {"type": "Feature", "properties": {"id": 84, "highway": "primary"}, "geometry": {"type": "LineString", "coordinates": [[77.24333333333334, 28.612666666666666], [77.245, 28.612666666666666]]}}, {"type": "Feature", "properties": {"id": 85, "highway": "primary"}, "geometry": {"type": "LineString", "coordinates": [[77.245, 28.612666666666666], [77.24666666666667, 28.612666666666666]]}}, {"type": "Feature", "properties": {"id": 86, "highway": "primary"}, "geometry": {"type": "LineString", "coordinates": [[77.24666666666667, 28.612666666666666], [77.24833333333333, 28.612666666666666]]}}, {"type": "Feature", "properties": {"id": 87, "highway": "primary"}, "geometry": {"type": "LineString", "coordinates": [[77.2, 28.614], [77.20166666666667, 28.614]]}}, {"type": "Feature", "properties": {"id": 88, "highway": "primary"}, "geometry": {"type": "LineString", "coordinates": [[77.20166666666667, 28.614], [77.20333333333333, 28.614]]}}, {"type": "Feature", "properties": {"id": 89, "highway": "primary"}, "geometry": {"type": "LineString", "coordinates": [[77.20333333333333, 28.614], [77.205, 28.614]]}}, {"type": "Feature", "properties": {"id": 90, "highway": "primary"}, "geometry": {"type": "LineString", "coordinates": [[77.205, 28.614], [77.20666666666666, 28.614]]}}, {"type": "Feature", "properties": {"id": 91, "highway": "primary"}, "geometry": {"type": "LineString", "coordinates": [[77.20666666666666, 28.614], [77.20833333333334, 28.614]]}}, {"type": "Feature", "properties": {"id": 92, "highway": "primary"}, "geometry": {"type": "LineString", "coordinates": [[77.20833333333334, 28.614], [77.21000000000001, 28.614]]}}, {"type": "Feature", "properties": {"id": 93, "highway": "primary"}, "geometry": {"type": "LineString", "coordinates": [[77.21000000000001, 28.614], [77.21166666666667, 28.614]]}}, {"type": "Feature", "properties": {"id": 94, "highway": "primary"}, "geometry": {"type": "LineString", "coordinates": [[77.21166666666667, 28.614], [77.21333333333334, 28.614]]}}, {"type": "Feature", "properties": {"id": 95, "highway": "primary"}, "geometry": {"type": "LineString", "coordinates": [[77.21333333333334, 28.614], [77.215, 28.614]]}}, {"type": "Feature", "properties": {"id": 96, "highway": "primary"}, "geometry": {"type": "LineString", "coordinates": [[77.215, 28.614], [77.21666666666667, 28.614]]}}, {"type": "Feature", "properties": {"id": 97, "highway": "primary"}, "geometry": {"type": "LineString", "coordinates": [[77.21666666666667, 28.614], [77.21833333333333, 28.614]]}}, {"type": "Feature", "properties": {"id": 98, "highway": "primary"}, "geometry": {"type": "LineString", "coordinates": [[77.21833333333333, 28.614], [77.22, 28.614]]}}, {"type": "Feature", "properties": {"id": 99, "highway": "primary"}, "geometry": {"type": "LineString", "coordinates": [[77.22, 28.614], [77.22166666666666, 28.614]]}}, {"type": "Feature", "properties": {"id": 100, "highway": "primary"}, "geometry": {"type": "LineString", "coordinates": [[77.22166666666666, 28.614], [77.22333333333333, 28.614]]}}, {"type": "Feature", "properties": {"id": 101, "highway": "primary"}, "geometry": {"type": "LineString", "coordinates": [[77.22333333333333, 28.614], [77.225, 28.614]]}}, {"type": "Feature", "properties": {"id": 102, "highway": "primary"}, "geometry": {"type": "LineString", "coordinates": [[77.225, 28.614], [77.22666666666667, 28.614]]}}, {"type": "Feature", "properties": {"id": 103, "highway": "primary"}, "geometry": {"type": "LineString", "coordinates": [[77.22666666666667, 28.614], [77.22833333333334, 28.614]]}}, {"type": "Feature", "properties": {"id": 104, "highway": "primary"}, "geometry": {"type": "LineString", "coordinates": [[77.22833333333334, 28.614], [77.23, 28.614]]}}, {"type": "Feature", "properties": {"id": 105, "highway": "primary"}, "geometry": {"type": "LineString", "coordinates": [[77.23, 28.614], [77.23166666666667, 28.614]]}}, {"type": "Feature", "properties": {"id": 106, "highway": "primary"}, "geometry": {"type": "LineString", "coordinates": [[77.23166666666667, 28.614], [77.23333333333333, 28.614]]}}, {"type": "Feature", "properties": {"id": 107, "highway": "primary"}, "geometry": {"type": "LineString", "coordinates": [[77.23333333333333, 28.614], [77.235, 28.614]]}}, {"type": "Feature", "properties": {"id": 108, "highway": "primary"}, "geometry": {"type": "LineString", "coordinates": [[77.235, 28.614], [77.23666666666666, 28.614]]}}, {"type": "Feature", "properties": {"id": 109, "highway": "primary"}, "geometry": {"type": "LineString", "coordinates": [[77.23666666666666, 28.614], [77.23833333333333, 28.614]]}}, {"type": "Feature", "properties": {"id": 110, "highway": "primary"}, "geometry": {"type": "LineString", "coordinates": [[77.23833333333333, 28.614], [77.24, 28.614]]}}, {"type": "Feature", "properties": {"id": 111, "highway": "primary"}, "geometry": {"type": "LineString", "coordinates": [[77.24, 28.614], [77.24166666666667, 28.614]]}}, {"type": "Feature", "properties": {"id": 112, "highway": "primary"}, "geometry": {"type": "LineString", "coordinates": [[77.24166666666667, 28.614], [77.24333333333334, 28.614]]}}, {"type": "Feature", "properties": {"id": 113, "highway": "primary"}, "geometry": {"type": "LineString", "coordinates": [[77.24333333333334, 28.614], [77.245, 28.614]]}}, {"type": "Feature", "properties": {"id": 114, "highway": "primary"}, "geometry": {"type": "LineString", "coordinates": [[77.245, 28.614], [77.24666666666667, 28.614]]}}, {"type": "Feature", "properties": {"id": 115, "highway": "primary"}, "geometry": {"type": "LineString", "coordinates": [[77.24666666666667, 28.614], [77.24833333333333, 28.614]]}}, {"type": "Feature", "properties": {"id": 116, "highway": "primary"}, "geometry": {"type": "LineString", "coordinates": [[77.2, 28.615333333333332], [77.20166666666667, 28.615333333333332]]}}, {"type": "Feature", "properties": {"id": 117, "highway": "primary"}, "geometry": {"type": "LineString", "coordinates": [[77.20166666666667, 28.615333333333332], [77.20333333333333, 28.615333333333332]]}}, {"type": "Feature", "properties": {"id": 118, "highway": "primary"}, "geometry": {"type": "LineString", "coordinates": [[77.20333333333333, 28.615333333333332], [77.205, 28.615333333333332]]}}, {"type": "Feature", "properties": {"id": 119, "highway": "primary"}, "geometry": {"type": "LineString", "coordinates": [[77.205, 28.615333333333332], [77.20666666666666, 28.615333333333332]]}}, {"type": "Feature", "properties": {"id": 120, "highway": "primary"}, "geometry": {"type": "LineString", "coordinates": [[77.20666666666666, 28.615333333333332], [77.20833333333334, 28.615333333333332]]}}, {"type": "Feature", "properties": {"id": 121, "highway": "primary"}, "geometry": {"type": "LineString", "coordinates": [[77.20833333333334, 28.615333333333332], [77.21000000000001, 28.615333333333332]]}}, {"type": "Feature", "properties": {"id": 122, "highway": "primary"}, "geometry": {"type": "LineString", "coordinates": [[77.21000000000001, 28.615333333333332], [77.21166666666667, 28.615333333333332]]}}, {"type": "Feature", "properties": {"id": 123, "highway": "primary"}, "geometry": {"type": "LineString", "coordinates": [[77.21166666666667, 28.615333333333332], [77.21333333333334, 28.615333333333332]]}}, {"type": "Feature", "properties": {"id": 124, "highway": "primary"}, "geometry": {"type": "LineString", "coordinates": [[77.21333333333334, 28.615333333333332], [77.215, 28.615333333333332]]}}, {"type": "Feature", "properties": {"id": 125, "highway": "primary"}, "geometry": {"type": "LineString", "coordinates": [[77.215, 28.615333333333332], [77.21666666666667, 28.615333333333332]]}}, {"type": "Feature", "properties": {"id": 126, "highway": "primary"}, "geometry": {"type": "LineString", "coordinates": [[77.21666666666667, 28.615333333333332], [77.21833333333333, 28.615333333333332]]}}, {"type": "Feature", "properties": {"id": 127, "highway": "primary"}, "geometry": {"type": "LineString", "coordinates": [[77.21833333333333, 28.615333333333332], [77.22, 28.615333333333332]]}}, {"type": "Feature", "properties": {"id": 128, "highway": "primary"}, "geometry": {"type": "LineString", "coordinates": [[77.22, 28.615333333333332], [77.22166666666666, 28.615333333333332]]}}, {"type": "Feature", "properties": {"id": 129, "highway": "primary"}, "geometry": {"type": "LineString", "coordinates": [[77.22166666666666, 28.615333333333332], [77.22333333333333, 28.615333333333332]]}}, {"type": "Feature", "properties": {"id": 130, "highway": "primary"}, "geometry": {"type": "LineString", "coordinates": [[77.22333333333333, 28.615333333333332], [77.225, 28.615333333333332]]}}, {"type": "Feature", "properties": {"id": 131, "highway": "primary"}, "geometry": {"type": "LineString", "coordinates": [[77.225, 28.615333333333332], [77.22666666666667, 28.615333333333332]]}}, {"type": "Feature", "properties": {"id": 132, "highway": "primary"}, "geometry": {"type": "LineString", "coordinates": [[77.22666666666667, 28.615333333333332], [77.22833333333334, 28.615333333333332]]}}, {"type": "Feature", "properties": {"id": 133, "highway": "primary"}, "geometry": {"type": "LineString", "coordinates": [[77.22833333333334, 28.615333333333332], [77.23, 28.615333333333332]]}}, {"type": "Feature", "properties": {"id": 134, "highway": "primary"}, "geometry": {"type": "LineString", "coordinates": [[77.23, 28.615333333333332], [77.23166666666667, 28.615333333333332]]}}, {"type": "Feature", "properties": {"id": 135, "highway": "primary"}, "geometry": {"type": "LineString", "coordinates": [[77.23166666666667, 28.615333333333332], [77.23333333333333, 28.615333333333332]]}}, {"type": "Feature", "properties": {"id": 136, "highway": "primary"}, "geometry": {"type": "LineString", "coordinates": [[77.23333333333333, 28.615333333333332], [77.235, 28.615333333333332]]}}, {"type": "Feature", "properties": {"id": 137, "highway": "primary"}, "geometry": {"type": "LineString", "coordinates": [[77.235, 28.615333333333332], [77.23666666666666, 28.615333333333332]]}}, {"type": "Feature", "properties": {"id": 138, "highway": "primary"}, "geometry": {"type": "LineString", "coordinates": [[77.23666666666666, 28.615333333333332], [77.23833333333333, 28.615333333333332]]}}, {"type": "Feature", "properties": {"id": 139, "highway": "primary"}, "geometry": {"type": "LineString", "coordinates": [[77.23833333333333, 28.615333333333332], [77.24, 28.615333333333332]]}}, {"type": "Feature", "properties": {"id": 140, "highway": "primary"}, "geometry": {"type": "LineString", "coordinates": [[77.24, 28.615333333333332], [77.24166666666667, 28.615333333333332]]}}, {"type": "Feature", "properties": {"id": 141, "highway": "primary"}, "geometry": {"type": "LineString", "coordinates": [[77.24166666666667, 28.615333333333332], [77.24333333333334, 28.615333333333332]]}}, {"type": "Feature", "properties": {"id": 142, "highway": "primary"}, "geometry": {"type": "LineString", "coordinates": [[77.24333333333334, 28.615333333333332], [77.245, 28.615333333333332]]}}, {"type": "Feature", "properties": {"id": 143, "highway": "primary"}, "geometry": {"type": "LineString", "coordinates": [[77.245, 28.615333333333332], [77.24666666666667, 28.615333333333332]]}}, {"type": "Feature", "properties": {"id": 144, "highway": "primary"}, "geometry": {"type": "LineString", "coordinates": [[77.24666666666667, 28.615333333333332], [77.24833333333333, 28.615333333333332]]}}, {"type": "Feature", "properties": {"id": 145, "highway": "primary"}, "geometry": {"type": "LineString", "coordinates": [[77.2, 28.616666666666667], [77.20166666666667, 28.616666666666667]]}}, {"type": "Feature", "properties": {"id": 146, "highway": "primary"}, "geometry": {"type": "LineString", "coordinates": [[77.20166666666667, 28.616666666666667], [77.20333333333333, 28.616666666666667]]}}, {"type": "Feature", "properties": {"id": 147, "highway": "primary"}, "geometry": {"type": "LineString", "coordinates": [[77.20333333333333, 28.616666666666667], [77.205, 28.616666666666667]]}}, {"type": "Feature", "properties": {"id": 148, "highway": "primary"}, "geometry": {"type": "LineString", "coordinates": [[77.205, 28.616666666666667], [77.20666666666666, 28.616666666666667]]}}, {"type": "Feature", "properties": {"id": 149, "highway": "primary"}, "geometry": {"type": "LineString", "coordinates": [[77.20666666666666, 28.616666666666667], [77.20833333333334, 28.616666666666667]]}}, {"type": "Feature", "properties": {"id": 150, "highway": "primary"}, "geometry": {"type": "LineString", "coordinates": [[77.20833333333334, 28.616666666666667], [77.21000000000001, 28.616666666666667]]}}, {"type": "Feature", "properties": {"id": 151, "highway": "primary"}, "geometry": {"type": "LineString", "coordinates": [[77.21000000000001, 28.616666666666667], [77.21166666666667, 28.616666666666667]]}}, {"type": "Feature", "properties": {"id": 152, "highway": "primary"}, "geometry": {"type": "LineString", "coordinates": [[77.21166666666667, 28.616666666666667], [77.21333333333334, 28.616666666666667]]}}, {"type": "Feature", "properties": {"id": 153, "highway": "primary"}, "geometry": {"type": "LineString", "coordinates": [[77.21333333333334, 28.616666666666667], [77.215, 28.616666666666667]]}}, {"type": "Feature", "properties": {"id": 154, "highway": "primary"}, "geometry": {"type": "LineString", "coordinates": [[77.215, 28.616666666666667], [77.21666666666667, 28.616666666666667]]}}, {"type": "Feature", "properties": {"id": 155, "highway": "primary"}, "geometry": {"type": "LineString", "coordinates": [[77.21666666666667, 28.616666666666667], [77.21833333333333, 28.616666666666667]]}}, {"type": "Feature", "properties": {"id": 156, "highway": "primary"}, "geometry": {"type": "LineString", "coordinates": [[77.21833333333333, 28.616666666666667], [77.22, 28.616666666666667]]}}, {"type": "Feature", "properties": {"id": 157, "highway": "primary"}, "geometry": {"type": "LineString", "coordinates": [[77.22, 28.616666666666667], [77.22166666666666, 28.616666666666667]]}}, {"type": "Feature", "properties": {"id": 158, "highway": "primary"}, "geometry": {"type": "LineString", "coordinates": [[77.22166666666666, 28.616666666666667], [77.22333333333333, 28.616666666666667]]}}, {"type": "Feature", "properties": {"id": 159, "highway": "primary"}, "geometry": {"type": "LineString", "coordinates": [[77.22333333333333, 28.616666666666667], [77.225, 28.616666666666667]]}}, {"type": "Feature", "properties": {"id": 160, "highway": "primary"}, "geometry": {"type": "LineString", "coordinates": [[77.225, 28.616666666666667], [77.22666666666667, 28.616666666666667]]}}, {"type": "Feature", "properties": {"id": 161, "highway": "primary"}, "geometry": {"type": "LineString", "coordinates": [[77.22666666666667, 28.616666666666667], [77.22833333333334, 28.616666666666667]]}}, {"type": "Feature", "properties": {"id": 162, "highway": "primary"}, "geometry": {"type": "LineString", "coordinates": [[77.22833333333334, 28.616666666666667], [77.23, 28.616666666666667]]}}, {"type": "Feature", "properties": {"id": 163, "highway": "primary"}, "geometry": {"type": "LineString", "coordinates": [[77.23, 28.616666666666667], [77.23166666666667, 28.616666666666667]]}}, {"type": "Feature", "properties": {"id": 164, "highway": "primary"}, "geometry": {"type": "LineString", "coordinates": [[77.23166666666667, 28.616666666666667], [77.23333333333333, 28.616666666666667]]}}, {"type": "Feature", "properties": {"id": 165, "highway": "primary"}, "geometry": {"type": "LineString", "coordinates": [[77.23333333333333, 28.616666666666667], [77.235, 28.616666666666667]]}}, {"type": "Feature", "properties": {"id": 166, "highway": "primary"}, "geometry": {"type": "LineString", "coordinates": [[77.235, 28.616666666666667], [77.23666666666666, 28.616666666666667]]}}, {"type": "Feature", "properties": {"id": 167, "highway": "primary"}, "geometry": {"type": "LineString", "coordinates": [[77.23666666666666, 28.616666666666667], [77.23833333333333, 28.616666666666667]]}}, {"type": "Feature", "properties": {"id": 168, "highway": "primary"}, "geometry": {"type": "LineString", "coordinates": [[77.23833333333333, 28.616666666666667], [77.24, 28.616666666666667]]}}, {"type": "Feature", "properties": {"id": 169, "highway": "primary"}, "geometry": {"type": "LineString", "coordinates": [[77.24, 28.616666666666667], [77.24166666666667, 28.616666666666667]]}}, {"type": "Feature", "properties": {"id": 170, "highway": "primary"}, "geometry": {"type": "LineString", "coordinates": [[77.24166666666667, 28.616666666666667], [77.24333333333334, 28.616666666666667]]}}, {"type": "Feature", "properties": {"id": 171, "highway": "primary"}, "geometry": {"type": "LineString", "coordinates": [[77.24333333333334, 28.616666666666667], [77.245, 28.616666666666667]]}}, {"type": "Feature", "properties": {"id": 172, "highway": "primary"}, "geometry": {"type": "LineString", "coordinates": [[77.245, 28.616666666666667], [77.24666666666667, 28.616666666666667]]}}, {"type": "Feature", "properties": {"id": 173, "highway": "primary"}, "geometry": {"type": "LineString", "coordinates": [[77.24666666666667, 28.616666666666667], [77.24833333333333, 28.616666666666667]]}}, {"type": "Feature", "properties": {"id": 174, "highway": "primary"}, "geometry": {"type": "LineString", "coordinates": [[77.2, 28.618], [77.20166666666667, 28.618]]}}, {"type": "Feature", "properties": {"id": 175, "highway": "primary"}, "geometry": {"type": "LineString", "coordinates": [[77.20166666666667, 28.618], [77.20333333333333, 28.618]]}}, {"type": "Feature", "properties": {"id": 176, "highway": "primary"}, "geometry": {"type": "LineString", "coordinates": [[77.20333333333333, 28.618], [77.205, 28.618]]}}, {"type": "Feature", "properties": {"id": 177, "highway": "primary"}, "geometry": {"type": "LineString", "coordinates": [[77.205, 28.618], [77.20666666666666, 28.618]]}}, {"type": "Feature", "properties": {"id": 178, "highway": "primary"}, "geometry": {"type": "LineString", "coordinates": [[77.20666666666666, 28.618], [77.20833333333334, 28.618]]}}, {"type": "Feature", "properties": {"id": 179, "highway": "primary"}, "geometry": {"type": "LineString", "coordinates": [[77.20833333333334, 28.618], [77.21000000000001, 28.618]]}}, {"type": "Feature", "properties": {"id": 180, "highway": "primary"}, "geometry": {"type": "LineString", "coordinates": [[77.21000000000001, 28.618], [77.21166666666667, 28.618]]}}, {"type": "Feature", "properties": {"id": 181, "highway": "primary"}, "geometry": {"type": "LineString", "coordinates": [[77.21166666666667, 28.618], [77.21333333333334, 28.618]]}}, {"type": "Feature", "properties": {"id": 182, "highway": "primary"}, "geometry": {"type": "LineString", "coordinates": [[77.21333333333334, 28.618], [77.215, 28.618]]}}, {"type": "Feature", "properties": {"id": 183, "highway": "primary"}, "geometry": {"type": "LineString", "coordinates": [[77.215, 28.618], [77.21666666666667, 28.618]]}}, {"type": "Feature", "properties": {"id": 184, "highway": "primary"}, "geometry": {"type": "LineString", "coordinates": [[77.21666666666667, 28.618], [77.21833333333333, 28.618]]}}, {"type": "Feature", "properties": {"id": 185, "highway": "primary"}, "geometry": {"type": "LineString", "coordinates": [[77.21833333333333, 28.618], [77.22, 28.618]]}}, {"type": "Feature", "properties": {"id": 186, "highway": "primary"}, "geometry": {"type": "LineString", "coordinates": [[77.22, 28.618], [77.22166666666666, 28.618]]}}, {"type": "Feature", "properties": {"id": 187, "highway": "primary"}, "geometry": {"type": "LineString", "coordinates": [[77.22166666666666, 28.618], [77.22333333333333, 28.618]]}}, {"type": "Feature", "properties": {"id": 188, "highway": "primary"}, "geometry": {"type": "LineString", "coordinates": [[77.22333333333333, 28.618], [77.225, 28.618]]}}, {"type": "Feature", "properties": {"id": 189, "highway": "primary"}, "geometry": {"type": "LineString", "coordinates": [[77.225, 28.618], [77.22666666666667, 28.618]]}}, {"type": "Feature", "properties": {"id": 190, "highway": "primary"}, "geometry": {"type": "LineString", "coordinates": [[77.22666666666667, 28.618], [77.22833333333334, 28.618]]}}, {"type": "Feature", "properties": {"id": 191, "highway": "primary"}, "geometry": {"type": "LineString", "coordinates": [[77.22833333333334, 28.618], [77.23, 28.618]]}}, {"type": "Feature", "properties": {"id": 192, "highway": "primary"}, "geometry": {"type": "LineString", "coordinates": [[77.23, 28.618], [77.23166666666667, 28.618]]}}, {"type": "Feature", "properties": {"id": 193, "highway": "primary"}, "geometry": {"type": "LineString", "coordinates": [[77.23166666666667, 28.618], [77.23333333333333, 28.618]]}}, {"type": "Feature", "properties": {"id": 194, "highway": "primary"}, "geometry": {"type": "LineString", "coordinates": [[77.23333333333333, 28.618], [77.235, 28.618]]}}, {"type": "Feature", "properties": {"id": 195, "highway": "primary"}, "geometry": {"type": "LineString", "coordinates": [[77.235, 28.618], [77.23666666666666, 28.618]]}}, {"type": "Feature", "properties": {"id": 196, "highway": "primary"}, "geometry": {"type": "LineString", "coordinates": [[77.23666666666666, 28.618], [77.23833333333333, 28.618]]}}, {"type": "Feature", "properties": {"id": 197, "highway": "primary"}, "geometry": {"type": "LineString", "coordinates": [[77.23833333333333, 28.618], [77.24, 28.618]]}}, {"type": "Feature", "properties": {"id": 198, "highway": "primary"}, "geometry": {"type": "LineString", "coordinates": [[77.24, 28.618], [77.24166666666667, 28.618]]}}, {"type": "Feature", "properties": {"id": 199, "highway": "primary"}, "geometry": {"type": "LineString", "coordinates": [[77.24166666666667, 28.618], [77.24333333333334, 28.618]]}}, {"type": "Feature", "properties": {"id": 200, "highway": "primary"}, "geometry": {"type": "LineString", "coordinates": [[77.24333333333334, 28.618], [77.245, 28.618]]}}, {"type": "Feature", "properties": {"id": 201, "highway": "primary"}, "geometry": {"type": "LineString", "coordinates": [[77.245, 28.618], [77.24666666666667, 28.618]]}}, {"type": "Feature", "properties": {"id": 202, "highway": "primary"}, "geometry": {"type": "LineString", "coordinates": [[77.24666666666667, 28.618], [77.24833333333333, 28.618]]}}, {"type": "Feature", "properties": {"id": 203, "highway": "primary"}, "geometry": {"type": "LineString", "coordinates": [[77.2, 28.619333333333334], [77.20166666666667, 28.619333333333334]]}}, {"type": "Feature", "properties": {"id": 204, "highway": "primary"}, "geometry": {"type": "LineString", "coordinates": [[77.20166666666667, 28.619333333333334], [77.20333333333333, 28.619333333333334]]}}, {"type": "Feature", "properties": {"id": 205, "highway": "primary"}, "geometry": {"type": "LineString", "coordinates": [[77.20333333333333, 28.619333333333334], [77.205, 28.619333333333334]]}}, {"type": "Feature", "properties": {"id": 206, "highway": "primary"}, "geometry": {"type": "LineString", "coordinates": [[77.205, 28.619333333333334], [77.20666666666666, 28.619333333333334]]}}, {"type": "Feature", "properties": {"id": 207, "highway": "primary"}, "geometry": {"type": "LineString", "coordinates": [[77.20666666666666, 28.619333333333334], [77.20833333333334, 28.619333333333334]]}}, {"type": "Feature", "properties": {"id": 208, "highway": "primary"}, "geometry": {"type": "LineString", "coordinates": [[77.20833333333334, 28.619333333333334], [77.21000000000001, 28.619333333333334]]}}, {"type": "Feature", "properties": {"id": 209, "highway": "primary"}, "geometry": {"type": "LineString", "coordinates": [[77.21000000000001, 28.619333333333334], [77.21166666666667, 28.619333333333334]]}}, {"type": "Feature", "properties": {"id": 210, "highway": "primary"}, "geometry": {"type": "LineString", "coordinates": [[77.21166666666667, 28.619333333333334], [77.21333333333334, 28.619333333333334]]}}, {"type": "Feature", "properties": {"id": 211, "highway": "primary"}, "geometry": {"type": "LineString", "coordinates": [[77.21333333333334, 28.619333333333334], [77.215, 28.619333333333334]]}}, {"type": "Feature", "properties": {"id": 212, "highway": "primary"}, "geometry": {"type": "LineString", "coordinates": [[77.215, 28.619333333333334], [77.21666666666667, 28.619333333333334]]}}, {"type": "Feature", "properties": {"id": 213, "highway": "primary"}, "geometry": {"type": "LineString", "coordinates": [[77.21666666666667, 28.619333333333334], [77.21833333333333, 28.619333333333334]]}}, {"type": "Feature", "properties": {"id": 214, "highway": "primary"}, "geometry": {"type": "LineString", "coordinates": [[77.21833333333333, 28.619333333333334], [77.22, 28.619333333333334]]}}, {"type": "Feature", "properties": {"id": 215, "highway": "primary"}, "geometry": {"type": "LineString", "coordinates": [[77.22, 28.619333333333334], [77.22166666666666, 28.619333333333334]]}}, {"type": "Feature", "properties": {"id": 216, "highway": "primary"}, "geometry": {"type": "LineString", "coordinates": [[77.22166666666666, 28.619333333333334], [77.22333333333333, 28.619333333333334]]}}, {"type": "Feature", "properties": {"id": 217, "highway": "primary"}, "geometry": {"type": "LineString", "coordinates": [[77.22333333333333, 28.619333333333334], [77.225, 28.619333333333334]]}}, {"type": "Feature", "properties": {"id": 218, "highway": "primary"}, "geometry": {"type": "LineString", "coordinates": [[77.225, 28.619333333333334], [77.22666666666667, 28.619333333333334]]}}, {"type": "Feature", "properties": {"id": 219, "highway": "primary"}, "geometry": {"type": "LineString", "coordinates": [[77.22666666666667, 28.619333333333334], [77.22833333333334, 28.619333333333334]]}}, {"type": "Feature", "properties": {"id": 220, "highway": "primary"}, "geometry": {"type": "LineString", "coordinates": [[77.22833333333334, 28.619333333333334], [77.23, 28.619333333333334]]}}, {"type": "Feature", "properties": {"id": 221, "highway": "primary"}, "geometry": {"type": "LineString", "coordinates": [[77.23, 28.619333333333334], [77.23166666666667, 28.619333333333334]]}}, {"type": "Feature", "properties": {"id": 222, "highway": "primary"}, "geometry": {"type": "LineString", "coordinates": [[77.23166666666667, 28.619333333333334], [77.23333333333333, 28.619333333333334]]}}, {"type": "Feature", "properties": {"id": 223, "highway": "primary"}, "geometry": {"type": "LineString", "coordinates": [[77.23333333333333, 28.619333333333334], [77.235, 28.619333333333334]]}}, {"type": "Feature", "properties": {"id": 224, "highway": "primary"}, "geometry": {"type": "LineString", "coordinates": [[77.235, 28.619333333333334], [77.23666666666666, 28.619333333333334]]}}, {"type": "Feature", "properties": {"id": 225, "highway": "primary"}, "geometry": {"type": "LineString", "coordinates": [[77.23666666666666, 28.619333333333334], [77.23833333333333, 28.619333333333334]]}}, {"type": "Feature", "properties": {"id": 226, "highway": "primary"}, "geometry": {"type": "LineString", "coordinates": [[77.23833333333333, 28.619333333333334], [77.24, 28.619333333333334]]}}, {"type": "Feature", "properties": {"id": 227, "highway": "primary"}, "geometry": {"type": "LineString", "coordinates": [[77.24, 28.619333333333334], [77.24166666666667, 28.619333333333334]]}}, {"type": "Feature", "properties": {"id": 228, "highway": "primary"}, "geometry": {"type": "LineString", "coordinates": [[77.24166666666667, 28.619333333333334], [77.24333333333334, 28.619333333333334]]}}, {"type": "Feature", "properties": {"id": 229, "highway": "primary"}, "geometry": {"type": "LineString", "coordinates": [[77.24333333333334, 28.619333333333334], [77.245, 28.619333333333334]]}}, {"type": "Feature", "properties": {"id": 230, "highway": "primary"}, "geometry": {"type": "LineString", "coordinates": [[77.245, 28.619333333333334], [77.24666666666667, 28.619333333333334]]}}, {"type": "Feature", "properties": {"id": 231, "highway": "primary"}, "geometry": {"type": "LineString", "coordinates": [[77.24666666666667, 28.619333333333334], [77.24833333333333, 28.619333333333334]]}}, {"type": "Feature", "properties": {"id": 232, "highway": "primary"}, "geometry": {"type": "LineString", "coordinates": [[77.2, 28.620666666666665], [77.20166666666667, 28.620666666666665]]}}, {"type": "Feature", "properties": {"id": 233, "highway": "primary"}, "geometry": {"type": "LineString", "coordinates": [[77.20166666666667, 28.620666666666665], [77.20333333333333, 28.620666666666665]]}}, {"type": "Feature", "properties": {"id": 234, "highway": "primary"}, "geometry": {"type": "LineString", "coordinates": [[77.20333333333333, 28.620666666666665], [77.205, 28.620666666666665]]}}, {"type": "Feature", "properties": {"id": 235, "highway": "primary"}, "geometry": {"type": "LineString", "coordinates": [[77.205, 28.620666666666665], [77.20666666666666, 28.620666666666665]]}}, {"type": "Feature", "properties": {"id": 236, "highway": "primary"}, "geometry": {"type": "LineString", "coordinates": [[77.20666666666666, 28.620666666666665], [77.20833333333334, 28.620666666666665]]}}, {"type": "Feature", "properties": {"id": 237, "highway": "primary"}, "geometry": {"type": "LineString", "coordinates": [[77.20833333333334, 28.620666666666665], [77.21000000000001, 28.620666666666665]]}}, {"type": "Feature", "properties": {"id": 238, "highway": "primary"}, "geometry": {"type": "LineString", "coordinates": [[77.21000000000001, 28.620666666666665], [77.21166666666667, 28.620666666666665]]}}, {"type": "Feature", "properties": {"id": 239, "highway": "primary"}, "geometry": {"type": "LineString", "coordinates": [[77.21166666666667, 28.620666666666665], [77.21333333333334, 28.620666666666665]]}}, {"type": "Feature", "properties": {"id": 240, "highway": "primary"}, "geometry": {"type": "LineString", "coordinates": [[77.21333333333334, 28.620666666666665], [77.215, 28.620666666666665]]}}, {"type": "Feature", "properties": {"id": 241, "highway": "primary"}, "geometry": {"type": "LineString", "coordinates": [[77.215, 28.620666666666665], [77.21666666666667, 28.620666666666665]]}}, {"type": "Feature", "properties": {"id": 242, "highway": "primary"}, "geometry": {"type": "LineString", "coordinates": [[77.21666666666667, 28.620666666666665], [77.21833333333333, 28.620666666666665]]}}, {"type": "Feature", "properties": {"id": 243, "highway": "primary"}, "geometry": {"type": "LineString", "coordinates": [[77.21833333333333, 28.620666666666665], [77.22, 28.620666666666665]]}}, {"type": "Feature", "properties": {"id": 244, "highway": "primary"}, "geometry": {"type": "LineString", "coordinates": [[77.22, 28.620666666666665], [77.22166666666666, 28.620666666666665]]}}, {"type": "Feature", "properties": {"id": 245, "highway": "primary"}, "geometry": {"type": "LineString", "coordinates": [[77.22166666666666, 28.620666666666665], [77.22333333333333, 28.620666666666665]]}}, {"type": "Feature", "properties": {"id": 246, "highway": "primary"}, "geometry": {"type": "LineString", "coordinates": [[77.22333333333333, 28.620666666666665], [77.225, 28.620666666666665]]}}, {"type": "Feature", "properties": {"id": 247, "highway": "primary"}, "geometry": {"type": "LineString", "coordinates": [[77.225, 28.620666666666665], [77.22666666666667, 28.620666666666665]]}}, {"type": "Feature", "properties": {"id": 248, "highway": "primary"}, "geometry": {"type": "LineString", "coordinates": [[77.22666666666667, 28.620666666666665], [77.22833333333334, 28.620666666666665]]}}, {"type": "Feature", "properties": {"id": 249, "highway": "primary"}, "geometry": {"type": "LineString", "coordinates": [[77.22833333333334, 28.620666666666665], [77.23, 28.620666666666665]]}}, {"type": "Feature", "properties": {"id": 250, "highway": "primary"}, "geometry": {"type": "LineString", "coordinates": [[77.23, 28.620666666666665], [77.23166666666667, 28.620666666666665]]}}, {"type": "Feature", "properties": {"id": 251, "highway": "primary"}, "geometry": {"type": "LineString", "coordinates": [[77.23166666666667, 28.620666666666665], [77.23333333333333, 28.620666666666665]]}}, {"type": "Feature", "properties": {"id": 252, "highway": "primary"}, "geometry": {"type": "LineString", "coordinates": [[77.23333333333333, 28.620666666666665], [77.235, 28.620666666666665]]}}, {"type": "Feature", "properties": {"id": 253, "highway": "primary"}, "geometry": {"type": "LineString", "coordinates": [[77.235, 28.620666666666665], [77.23666666666666, 28.620666666666665]]}}, {"type": "Feature", "properties": {"id": 254, "highway": "primary"}, "geometry": {"type": "LineString", "coordinates": [[77.23666666666666, 28.620666666666665], [77.23833333333333, 28.620666666666665]]}}, {"type": "Feature", "properties": {"id": 255, "highway": "primary"}, "geometry": {"type": "LineString", "coordinates": [[77.23833333333333, 28.620666666666665], [77.24, 28.620666666666665]]}}, {"type": "Feature", "properties": {"id": 256, "highway": "primary"}, "geometry": {"type": "LineString", "coordinates": [[77.24, 28.620666666666665], [77.24166666666667, 28.620666666666665]]}}, {"type": "Feature", "properties": {"id": 257, "highway": "primary"}, "geometry": {"type": "LineString", "coordinates": [[77.24166666666667, 28.620666666666665], [77.24333333333334, 28.620666666666665]]}}, {"type": "Feature", "properties": {"id": 258, "highway": "primary"}, "geometry": {"type": "LineString", "coordinates": [[77.24333333333334, 28.620666666666665], [77.245, 28.620666666666665]]}}, {"type": "Feature", "properties": {"id": 259, "highway": "primary"}, "geometry": {"type": "LineString", "coordinates": [[77.245, 28.620666666666665], [77.24666666666667, 28.620666666666665]]}}, {"type": "Feature", "properties": {"id": 260, "highway": "primary"}, "geometry": {"type": "LineString", "coordinates": [[77.24666666666667, 28.620666666666665], [77.24833333333333, 28.620666666666665]]}}, {"type": "Feature", "properties": {"id": 261, "highway": "primary"}, "geometry": {"type": "LineString", "coordinates": [[77.2, 28.622], [77.20166666666667, 28.622]]}}, {"type": "Feature", "properties": {"id": 262, "highway": "primary"}, "geometry": {"type": "LineString", "coordinates": [[77.20166666666667, 28.622], [77.20333333333333, 28.622]]}}, {"type": "Feature", "properties": {"id": 263, "highway": "primary"}, "geometry": {"type": "LineString", "coordinates": [[77.20333333333333, 28.622], [77.205, 28.622]]}}, {"type": "Feature", "properties": {"id": 264, "highway": "primary"}, "geometry": {"type": "LineString", "coordinates": [[77.205, 28.622], [77.20666666666666, 28.622]]}}, {"type": "Feature", "properties": {"id": 265, "highway": "primary"}, "geometry": {"type": "LineString", "coordinates": [[77.20666666666666, 28.622], [77.20833333333334, 28.622]]}}, {"type": "Feature", "properties": {"id": 266, "highway": "primary"}, "geometry": {"type": "LineString", "coordinates": [[77.20833333333334, 28.622], [77.21000000000001, 28.622]]}}, {"type": "Feature", "properties": {"id": 267, "highway": "primary"}, "geometry": {"type": "LineString", "coordinates": [[77.21000000000001, 28.622], [77.21166666666667, 28.622]]}}, {"type": "Feature", "properties": {"id": 268, "highway": "primary"}, "geometry": {"type": "LineString", "coordinates": [[77.21166666666667, 28.622], [77.21333333333334, 28.622]]}}, {"type": "Feature", "properties": {"id": 269, "highway": "primary"}, "geometry": {"type": "LineString", "coordinates": [[77.21333333333334, 28.622], [77.215, 28.622]]}}, {"type": "Feature", "properties": {"id": 270, "highway": "primary"}, "geometry": {"type": "LineString", "coordinates": [[77.215, 28.622], [77.21666666666667, 28.622]]}}, {"type": "Feature", "properties": {"id": 271, "highway": "primary"}, "geometry": {"type": "LineString", "coordinates": [[77.21666666666667, 28.622], [77.21833333333333, 28.622]]}}, {"type": "Feature", "properties": {"id": 272, "highway": "primary"}, "geometry": {"type": "LineString", "coordinates": [[77.21833333333333, 28.622], [77.22, 28.622]]}}, {"type": "Feature", "properties": {"id": 273, "highway": "primary"}, "geometry": {"type": "LineString", "coordinates": [[77.22, 28.622], [77.22166666666666, 28.622]]}}, {"type": "Feature", "properties": {"id": 274, "highway": "primary"}, "geometry": {"type": "LineString", "coordinates": [[77.22166666666666, 28.622], [77.22333333333333, 28.622]]}}, {"type": "Feature", "properties": {"id": 275, "highway": "primary"}, "geometry": {"type": "LineString", "coordinates": [[77.22333333333333, 28.622], [77.225, 28.622]]}}, {"type": "Feature", "properties": {"id": 276, "highway": "primary"}, "geometry": {"type": "LineString", "coordinates": [[77.225, 28.622], [77.22666666666667, 28.622]]}}, {"type": "Feature", "properties": {"id": 277, "highway": "primary"}, "geometry": {"type": "LineString", "coordinates": [[77.22666666666667, 28.622], [77.22833333333334, 28.622]]}}, {"type": "Feature", "properties": {"id": 278, "highway": "primary"}, "geometry": {"type": "LineString", "coordinates": [[77.22833333333334, 28.622], [77.23, 28.622]]}}, {"type": "Feature", "properties": {"id": 279, "highway": "primary"}, "geometry": {"type": "LineString", "coordinates": [[77.23, 28.622], [77.23166666666667, 28.622]]}}, {"type": "Feature", "properties": {"id": 280, "highway": "primary"}, "geometry": {"type": "LineString", "coordinates": [[77.23166666666667, 28.622], [77.23333333333333, 28.622]]}}, {"type": "Feature", "properties": {"id": 281, "highway": "primary"}, "geometry": {"type": "LineString", "coordinates": [[77.23333333333333, 28.622], [77.235, 28.622]]}}, {"type": "Feature", "properties": {"id": 282, "highway": "primary"}, "geometry": {"type": "LineString", "coordinates": [[77.235, 28.622], [77.23666666666666, 28.622]]}}, {"type": "Feature", "properties": {"id": 283, "highway": "primary"}, "geometry": {"type": "LineString", "coordinates": [[77.23666666666666, 28.622], [77.23833333333333, 28.622]]}}, {"type": "Feature", "properties": {"id": 284, "highway": "primary"}, "geometry": {"type": "LineString", "coordinates": [[77.23833333333333, 28.622], [77.24, 28.622]]}}, {"type": "Feature", "properties": {"id": 285, "highway": "primary"}, "geometry": {"type": "LineString", "coordinates": [[77.24, 28.622], [77.24166666666667, 28.622]]}}, {"type": "Feature", "properties": {"id": 286, "highway": "primary"}, "geometry": {"type": "LineString", "coordinates": [[77.24166666666667, 28.622], [77.24333333333334, 28.622]]}}, {"type": "Feature", "properties": {"id": 287, "highway": "primary"}, "geometry": {"type": "LineString", "coordinates": [[77.24333333333334, 28.622], [77.245, 28.622]]}}, {"type": "Feature", "properties": {"id": 288, "highway": "primary"}, "geometry": {"type": "LineString", "coordinates": [[77.245, 28.622], [77.24666666666667, 28.622]]}}, {"type": "Feature", "properties": {"id": 289, "highway": "primary"}, "geometry": {"type": "LineString", "coordinates": [[77.24666666666667, 28.622], [77.24833333333333, 28.622]]}}, {"type": "Feature", "properties": {"id": 290, "highway": "primary"}, "geometry": {"type": "LineString", "coordinates": [[77.2, 28.62333333333333], [77.20166666666667, 28.62333333333333]]}}, {"type": "Feature", "properties": {"id": 291, "highway": "primary"}, "geometry": {"type": "LineString", "coordinates": [[77.20166666666667, 28.62333333333333], [77.20333333333333, 28.62333333333333]]}}, {"type": "Feature", "properties": {"id": 292, "highway": "primary"}, "geometry": {"type": "LineString", "coordinates": [[77.20333333333333, 28.62333333333333], [77.205, 28.62333333333333]]}}, {"type": "Feature", "properties": {"id": 293, "highway": "primary"}, "geometry": {"type": "LineString", "coordinates": [[77.205, 28.62333333333333], [77.20666666666666, 28.62333333333333]]}}, {"type": "Feature", "properties": {"id": 294, "highway": "primary"}, "geometry": {"type": "LineString", "coordinates": [[77.20666666666666, 28.62333333333333], [77.20833333333334, 28.62333333333333]]}}, {"type": "Feature", "properties": {"id": 295, "highway": "primary"}, "geometry": {"type": "LineString", "coordinates": [[77.20833333333334, 28.62333333333333], [77.21000000000001, 28.62333333333333]]}}, {"type": "Feature", "properties": {"id": 296, "highway": "primary"}, "geometry": {"type": "LineString", "coordinates": [[77.21000000000001, 28.62333333333333], [77.21166666666667, 28.62333333333333]]}}, {"type": "Feature", "properties": {"id": 297, "highway": "primary"}, "geometry": {"type": "LineString", "coordinates": [[77.21166666666667, 28.62333333333333], [77.21333333333334, 28.62333333333333]]}}, {"type": "Feature", "properties": {"id": 298, "highway": "primary"}, "geometry": {"type": "LineString", "coordinates": [[77.21333333333334, 28.62333333333333], [77.215, 28.62333333333333]]}}, {"type": "Feature", "properties": {"id": 299, "highway": "primary"}, "geometry": {"type": "LineString", "coordinates": [[77.215, 28.62333333333333], [77.21666666666667, 28.62333333333333]]}}, {"type": "Feature", "properties": {"id": 300, "highway": "primary"}, "geometry": {"type": "LineString", "coordinates": [[77.21666666666667, 28.62333333333333], [77.21833333333333, 28.62333333333333]]}}, {"type": "Feature", "properties": {"id": 301, "highway": "primary"}, "geometry": {"type": "LineString", "coordinates": [[77.21833333333333, 28.62333333333333], [77.22, 28.62333333333333]]}}, {"type": "Feature", "properties": {"id": 302, "highway": "primary"}, "geometry": {"type": "LineString", "coordinates": [[77.22, 28.62333333333333], [77.22166666666666, 28.62333333333333]]}}, {"type": "Feature", "properties": {"id": 303, "highway": "primary"}, "geometry": {"type": "LineString", "coordinates": [[77.22166666666666, 28.62333333333333], [77.22333333333333, 28.62333333333333]]}}, {"type": "Feature", "properties": {"id": 304, "highway": "primary"}, "geometry": {"type": "LineString", "coordinates": [[77.22333333333333, 28.62333333333333], [77.225, 28.62333333333333]]}}, {"type": "Feature", "properties": {"id": 305, "highway": "primary"}, "geometry": {"type": "LineString", "coordinates": [[77.225, 28.62333333333333], [77.22666666666667, 28.62333333333333]]}}, {"type": "Feature", "properties": {"id": 306, "highway": "primary"}, "geometry": {"type": "LineString", "coordinates": [[77.22666666666667, 28.62333333333333], [77.22833333333334, 28.62333333333333]]}}, {"type": "Feature", "properties": {"id": 307, "highway": "primary"}, "geometry": {"type": "LineString", "coordinates": [[77.22833333333334, 28.62333333333333], [77.23, 28.62333333333333]]}}, {"type": "Feature", "properties": {"id": 308, "highway": "primary"}, "geometry": {"type": "LineString", "coordinates": [[77.23, 28.62333333333333], [77.23166666666667, 28.62333333333333]]}}, {"type": "Feature", "properties": {"id": 309, "highway": "primary"}, "geometry": {"type": "LineString", "coordinates": [[77.23166666666667, 28.62333333333333], [77.23333333333333, 28.62333333333333]]}}, {"type": "Feature", "properties": {"id": 310, "highway": "primary"}, "geometry": {"type": "LineString", "coordinates": [[77.23333333333333, 28.62333333333333], [77.235, 28.62333333333333]]}}, {"type": "Feature", "properties": {"id": 311, "highway": "primary"}, "geometry": {"type": "LineString", "coordinates": [[77.235, 28.62333333333333], [77.23666666666666, 28.62333333333333]]}}, {"type": "Feature", "properties": {"id": 312, "highway": "primary"}, "geometry": {"type": "LineString", "coordinates": [[77.23666666666666, 28.62333333333333], [77.23833333333333, 28.62333333333333]]}}, {"type": "Feature", "properties": {"id": 313, "highway": "primary"}, "geometry": {"type": "LineString", "coordinates": [[77.23833333333333, 28.62333333333333], [77.24, 28.62333333333333]]}}, {"type": "Feature", "properties": {"id": 314, "highway": "primary"}, "geometry": {"type": "LineString", "coordinates": [[77.24, 28.62333333333333], [77.24166666666667, 28.62333333333333]]}}, {"type": "Feature", "properties": {"id": 315, "highway": "primary"}, "geometry": {"type": "LineString", "coordinates": [[77.24166666666667, 28.62333333333333], [77.24333333333334, 28.62333333333333]]}}, {"type": "Feature", "properties": {"id": 316, "highway": "primary"}, "geometry": {"type": "LineString", "coordinates": [[77.24333333333334, 28.62333333333333], [77.245, 28.62333333333333]]}}, {"type": "Feature", "properties": {"id": 317, "highway": "primary"}, "geometry": {"type": "LineString", "coordinates": [[77.245, 28.62333333333333], [77.24666666666667, 28.62333333333333]]}}, {"type": "Feature", "properties": {"id": 318, "highway": "primary"}, "geometry": {"type": "LineString", "coordinates": [[77.24666666666667, 28.62333333333333], [77.24833333333333, 28.62333333333333]]}}, {"type": "Feature", "properties": {"id": 319, "highway": "primary"}, "geometry": {"type": "LineString", "coordinates": [[77.2, 28.624666666666666], [77.20166666666667, 28.624666666666666]]}}, {"type": "Feature", "properties": {"id": 320, "highway": "primary"}, "geometry": {"type": "LineString", "coordinates": [[77.20166666666667, 28.624666666666666], [77.20333333333333, 28.624666666666666]]}}, {"type": "Feature", "properties": {"id": 321, "highway": "primary"}, "geometry": {"type": "LineString", "coordinates": [[77.20333333333333, 28.624666666666666], [77.205, 28.624666666666666]]}}, {"type": "Feature", "properties": {"id": 322, "highway": "primary"}, "geometry": {"type": "LineString", "coordinates": [[77.205, 28.624666666666666], [77.20666666666666, 28.624666666666666]]}}, {"type": "Feature", "properties": {"id": 323, "highway": "primary"}, "geometry": {"type": "LineString", "coordinates": [[77.20666666666666, 28.624666666666666], [77.20833333333334, 28.624666666666666]]}}, {"type": "Feature", "properties": {"id": 324, "highway": "primary"}, "geometry": {"type": "LineString", "coordinates": [[77.20833333333334, 28.624666666666666], [77.21000000000001, 28.624666666666666]]}}, {"type": "Feature", "properties": {"id": 325, "highway": "primary"}, "geometry": {"type": "LineString", "coordinates": [[77.21000000000001, 28.624666666666666], [77.21166666666667, 28.624666666666666]]}}, {"type": "Feature", "properties": {"id": 326, "highway": "primary"}, "geometry": {"type": "LineString", "coordinates": [[77.21166666666667, 28.624666666666666], [77.21333333333334, 28.624666666666666]]}}, {"type": "Feature", "properties": {"id": 327, "highway": "primary"}, "geometry": {"type": "LineString", "coordinates": [[77.21333333333334, 28.624666666666666], [77.215, 28.624666666666666]]}}, {"type": "Feature", "properties": {"id": 328, "highway": "primary"}, "geometry": {"type": "LineString", "coordinates": [[77.215, 28.624666666666666], [77.21666666666667, 28.624666666666666]]}}, {"type": "Feature", "properties": {"id": 329, "highway": "primary"}, "geometry": {"type": "LineString", "coordinates": [[77.21666666666667, 28.624666666666666], [77.21833333333333, 28.624666666666666]]}}, {"type": "Feature", "properties": {"id": 330, "highway": "primary"}, "geometry": {"type": "LineString", "coordinates": [[77.21833333333333, 28.624666666666666], [77.22, 28.624666666666666]]}}, {"type": "Feature", "properties": {"id": 331, "highway": "primary"}, "geometry": {"type": "LineString", "coordinates": [[77.22, 28.624666666666666], [77.22166666666666, 28.624666666666666]]}}, {"type": "Feature", "properties": {"id": 332, "highway": "primary"}, "geometry": {"type": "LineString", "coordinates": [[77.22166666666666, 28.624666666666666], [77.22333333333333, 28.624666666666666]]}}, {"type": "Feature", "properties": {"id": 333, "highway": "primary"}, "geometry": {"type": "LineString", "coordinates": [[77.22333333333333, 28.624666666666666], [77.225, 28.624666666666666]]}}, {"type": "Feature", "properties": {"id": 334, "highway": "primary"}, "geometry": {"type": "LineString", "coordinates": [[77.225, 28.624666666666666], [77.22666666666667, 28.624666666666666]]}}, {"type": "Feature", "properties": {"id": 335, "highway": "primary"}, "geometry": {"type": "LineString", "coordinates": [[77.22666666666667, 28.624666666666666], [77.22833333333334, 28.624666666666666]]}}, {"type": "Feature", "properties": {"id": 336, "highway": "primary"}, "geometry": {"type": "LineString", "coordinates": [[77.22833333333334, 28.624666666666666], [77.23, 28.624666666666666]]}}, {"type": "Feature", "properties": {"id": 337, "highway": "primary"}, "geometry": {"type": "LineString", "coordinates": [[77.23, 28.624666666666666], [77.23166666666667, 28.624666666666666]]}}, {"type": "Feature", "properties": {"id": 338, "highway": "primary"}, "geometry": {"type": "LineString", "coordinates": [[77.23166666666667, 28.624666666666666], [77.23333333333333, 28.624666666666666]]}}, {"type": "Feature", "properties": {"id": 339, "highway": "primary"}, "geometry": {"type": "LineString", "coordinates": [[77.23333333333333, 28.624666666666666], [77.235, 28.624666666666666]]}}, {"type": "Feature", "properties": {"id": 340, "highway": "primary"}, "geometry": {"type": "LineString", "coordinates": [[77.235, 28.624666666666666], [77.23666666666666, 28.624666666666666]]}}, {"type": "Feature", "properties": {"id": 341, "highway": "primary"}, "geometry": {"type": "LineString", "coordinates": [[77.23666666666666, 28.624666666666666], [77.23833333333333, 28.624666666666666]]}}, {"type": "Feature", "properties": {"id": 342, "highway": "primary"}, "geometry": {"type": "LineString", "coordinates": [[77.23833333333333, 28.624666666666666], [77.24, 28.624666666666666]]}}, {"type": "Feature", "properties": {"id": 343, "highway": "primary"}, "geometry": {"type": "LineString", "coordinates": [[77.24, 28.624666666666666], [77.24166666666667, 28.624666666666666]]}}, {"type": "Feature", "properties": {"id": 344, "highway": "primary"}, "geometry": {"type": "LineString", "coordinates": [[77.24166666666667, 28.624666666666666], [77.24333333333334, 28.624666666666666]]}}, {"type": "Feature", "properties": {"id": 345, "highway": "primary"}, "geometry": {"type": "LineString", "coordinates": [[77.24333333333334, 28.624666666666666], [77.245, 28.624666666666666]]}}, {"type": "Feature", "properties": {"id": 346, "highway": "primary"}, "geometry": {"type": "LineString", "coordinates": [[77.245, 28.624666666666666], [77.24666666666667, 28.624666666666666]]}}, {"type": "Feature", "properties": {"id": 347, "highway": "primary"}, "geometry": {"type": "LineString", "coordinates": [[77.24666666666667, 28.624666666666666], [77.24833333333333, 28.624666666666666]]}}, {"type": "Feature", "properties": {"id": 348, "highway": "primary"}, "geometry": {"type": "LineString", "coordinates": [[77.2, 28.625999999999998], [77.20166666666667, 28.625999999999998]]}}, {"type": "Feature", "properties": {"id": 349, "highway": "primary"}, "geometry": {"type": "LineString", "coordinates": [[77.20166666666667, 28.625999999999998], [77.20333333333333, 28.625999999999998]]}}, {"type": "Feature", "properties": {"id": 350, "highway": "primary"}, "geometry": {"type": "LineString", "coordinates": [[77.20333333333333, 28.625999999999998], [77.205, 28.625999999999998]]}}, {"type": "Feature", "properties": {"id": 351, "highway": "primary"}, "geometry": {"type": "LineString", "coordinates": [[77.205, 28.625999999999998], [77.20666666666666, 28.625999999999998]]}}, {"type": "Feature", "properties": {"id": 352, "highway": "primary"}, "geometry": {"type": "LineString", "coordinates": [[77.20666666666666, 28.625999999999998], [77.20833333333334, 28.625999999999998]]}}, {"type": "Feature", "properties": {"id": 353, "highway": "primary"}, "geometry": {"type": "LineString", "coordinates": [[77.20833333333334, 28.625999999999998], [77.21000000000001, 28.625999999999998]]}}, {"type": "Feature", "properties": {"id": 354, "highway": "primary"}, "geometry": {"type": "LineString", "coordinates": [[77.21000000000001, 28.625999999999998], [77.21166666666667, 28.625999999999998]]}}, {"type": "Feature", "properties": {"id": 355, "highway": "primary"}, "geometry": {"type": "LineString", "coordinates": [[77.21166666666667, 28.625999999999998], [77.21333333333334, 28.625999999999998]]}}, {"type": "Feature", "properties": {"id": 356, "highway": "primary"}, "geometry": {"type": "LineString", "coordinates": [[77.21333333333334, 28.625999999999998], [77.215, 28.625999999999998]]}}, {"type": "Feature", "properties": {"id": 357, "highway": "primary"}, "geometry": {"type": "LineString", "coordinates": [[77.215, 28.625999999999998], [77.21666666666667, 28.625999999999998]]}}, {"type": "Feature", "properties": {"id": 358, "highway": "primary"}, "geometry": {"type": "LineString", "coordinates": [[77.21666666666667, 28.625999999999998], [77.21833333333333, 28.625999999999998]]}}, {"type": "Feature", "properties": {"id": 359, "highway": "primary"}, "geometry": {"type": "LineString", "coordinates": [[77.21833333333333, 28.625999999999998], [77.22, 28.625999999999998]]}}, {"type": "Feature", "properties": {"id": 360, "highway": "primary"}, "geometry": {"type": "LineString", "coordinates": [[77.22, 28.625999999999998], [77.22166666666666, 28.625999999999998]]}}, {"type": "Feature", "properties": {"id": 361, "highway": "primary"}, "geometry": {"type": "LineString", "coordinates": [[77.22166666666666, 28.625999999999998], [77.22333333333333, 28.625999999999998]]}}, {"type": "Feature", "properties": {"id": 362, "highway": "primary"}, "geometry": {"type": "LineString", "coordinates": [[77.22333333333333, 28.625999999999998], [77.225, 28.625999999999998]]}}, {"type": "Feature", "properties": {"id": 363, "highway": "primary"}, "geometry": {"type": "LineString", "coordinates": [[77.225, 28.625999999999998], [77.22666666666667, 28.625999999999998]]}}, {"type": "Feature", "properties": {"id": 364, "highway": "primary"}, "geometry": {"type": "LineString", "coordinates": [[77.22666666666667, 28.625999999999998], [77.22833333333334, 28.625999999999998]]}}, {"type": "Feature", "properties": {"id": 365, "highway": "primary"}, "geometry": {"type": "LineString", "coordinates": [[77.22833333333334, 28.625999999999998], [77.23, 28.625999999999998]]}}, {"type": "Feature", "properties": {"id": 366, "highway": "primary"}, "geometry": {"type": "LineString", "coordinates": [[77.23, 28.625999999999998], [77.23166666666667, 28.625999999999998]]}}, {"type": "Feature", "properties": {"id": 367, "highway": "primary"}, "geometry": {"type": "LineString", "coordinates": [[77.23166666666667, 28.625999999999998], [77.23333333333333, 28.625999999999998]]}}, {"type": "Feature", "properties": {"id": 368, "highway": "primary"}, "geometry": {"type": "LineString", "coordinates": [[77.23333333333333, 28.625999999999998], [77.235, 28.625999999999998]]}}, {"type": "Feature", "properties": {"id": 369, "highway": "primary"}, "geometry": {"type": "LineString", "coordinates": [[77.235, 28.625999999999998], [77.23666666666666, 28.625999999999998]]}}, {"type": "Feature", "properties": {"id": 370, "highway": "primary"}, "geometry": {"type": "LineString", "coordinates": [[77.23666666666666, 28.625999999999998], [77.23833333333333, 28.625999999999998]]}}, {"type": "Feature", "properties": {"id": 371, "highway": "primary"}, "geometry": {"type": "LineString", "coordinates": [[77.23833333333333, 28.625999999999998], [77.24, 28.625999999999998]]}}, {"type": "Feature", "properties": {"id": 372, "highway": "primary"}, "geometry": {"type": "LineString", "coordinates": [[77.24, 28.625999999999998], [77.24166666666667, 28.625999999999998]]}}, {"type": "Feature", "properties": {"id": 373, "highway": "primary"}, "geometry": {"type": "LineString", "coordinates": [[77.24166666666667, 28.625999999999998], [77.24333333333334, 28.625999999999998]]}}, {"type": "Feature", "properties": {"id": 374, "highway": "primary"}, "geometry": {"type": "LineString", "coordinates": [[77.24333333333334, 28.625999999999998], [77.245, 28.625999999999998]]}}, {"type": "Feature", "properties": {"id": 375, "highway": "primary"}, "geometry": {"type": "LineString", "coordinates": [[77.245, 28.625999999999998], [77.24666666666667, 28.625999999999998]]}}, {"type": "Feature", "properties": {"id": 376, "highway": "primary"}, "geometry": {"type": "LineString", "coordinates": [[77.24666666666667, 28.625999999999998], [77.24833333333333, 28.625999999999998]]}}, {"type": "Feature", "properties": {"id": 377, "highway": "primary"}, "geometry": {"type": "LineString", "coordinates": [[77.2, 28.627333333333333], [77.20166666666667, 28.627333333333333]]}}, {"type": "Feature", "properties": {"id": 378, "highway": "primary"}, "geometry": {"type": "LineString", "coordinates": [[77.20166666666667, 28.627333333333333], [77.20333333333333, 28.627333333333333]]}}, {"type": "Feature", "properties": {"id": 379, "highway": "primary"}, "geometry": {"type": "LineString", "coordinates": [[77.20333333333333, 28.627333333333333], [77.205, 28.627333333333333]]}}, {"type": "Feature", "properties": {"id": 380, "highway": "primary"}, "geometry": {"type": "LineString", "coordinates": [[77.205, 28.627333333333333], [77.20666666666666, 28.627333333333333]]}}, {"type": "Feature", "properties": {"id": 381, "highway": "primary"}, "geometry": {"type": "LineString", "coordinates": [[77.20666666666666, 28.627333333333333], [77.20833333333334, 28.627333333333333]]}}, {"type": "Feature", "properties": {"id": 382, "highway": "primary"}, "geometry": {"type": "LineString", "coordinates": [[77.20833333333334, 28.627333333333333], [77.21000000000001, 28.627333333333333]]}}, {"type": "Feature", "properties": {"id": 383, "highway": "primary"}, "geometry": {"type": "LineString", "coordinates": [[77.21000000000001, 28.627333333333333], [77.21166666666667, 28.627333333333333]]}}, {"type": "Feature", "properties": {"id": 384, "highway": "primary"}, "geometry": {"type": "LineString", "coordinates": [[77.21166666666667, 28.627333333333333], [77.21333333333334, 28.627333333333333]]}}, {"type": "Feature", "properties": {"id": 385, "highway": "primary"}, "geometry": {"type": "LineString", "coordinates": [[77.21333333333334, 28.627333333333333], [77.215, 28.627333333333333]]}}, {"type": "Feature", "properties": {"id": 386, "highway": "primary"}, "geometry": {"type": "LineString", "coordinates": [[77.215, 28.627333333333333], [77.21666666666667, 28.627333333333333]]}}, {"type": "Feature", "properties": {"id": 387, "highway": "primary"}, "geometry": {"type": "LineString", "coordinates": [[77.21666666666667, 28.627333333333333], [77.21833333333333, 28.627333333333333]]}}, {"type": "Feature", "properties": {"id": 388, "highway": "primary"}, "geometry": {"type": "LineString", "coordinates": [[77.21833333333333, 28.627333333333333], [77.22, 28.627333333333333]]}}, {"type": "Feature", "properties": {"id": 389, "highway": "primary"}, "geometry": {"type": "LineString", "coordinates": [[77.22, 28.627333333333333], [77.22166666666666, 28.627333333333333]]}}, {"type": "Feature", "properties": {"id": 390, "highway": "primary"}, "geometry": {"type": "LineString", "coordinates": [[77.22166666666666, 28.627333333333333], [77.22333333333333, 28.627333333333333]]}}, {"type": "Feature", "properties": {"id": 391, "highway": "primary"}, "geometry": {"type": "LineString", "coordinates": [[77.22333333333333, 28.627333333333333], [77.225, 28.627333333333333]]}}, {"type": "Feature", "properties": {"id": 392, "highway": "primary"}, "geometry": {"type": "LineString", "coordinates": [[77.225, 28.627333333333333], [77.22666666666667, 28.627333333333333]]}}, {"type": "Feature", "properties": {"id": 393, "highway": "primary"}, "geometry": {"type": "LineString", "coordinates": [[77.22666666666667, 28.627333333333333], [77.22833333333334, 28.627333333333333]]}}, {"type": "Feature", "properties": {"id": 394, "highway": "primary"}, "geometry": {"type": "LineString", "coordinates": [[77.22833333333334, 28.627333333333333], [77.23, 28.627333333333333]]}}, {"type": "Feature", "properties": {"id": 395, "highway": "primary"}, "geometry": {"type": "LineString", "coordinates": [[77.23, 28.627333333333333], [77.23166666666667, 28.627333333333333]]}}, {"type": "Feature", "properties": {"id": 396, "highway": "primary"}, "geometry": {"type": "LineString", "coordinates": [[77.23166666666667, 28.627333333333333], [77.23333333333333, 28.627333333333333]]}}, {"type": "Feature", "properties": {"id": 397, "highway": "primary"}, "geometry": {"type": "LineString", "coordinates": [[77.23333333333333, 28.627333333333333], [77.235, 28.627333333333333]]}}, {"type": "Feature", "properties": {"id": 398, "highway": "primary"}, "geometry": {"type": "LineString", "coordinates": [[77.235, 28.627333333333333], [77.23666666666666, 28.627333333333333]]}}, {"type": "Feature", "properties": {"id": 399, "highway": "primary"}, "geometry": {"type": "LineString", "coordinates": [[77.23666666666666, 28.627333333333333], [77.23833333333333, 28.627333333333333]]}}, {"type": "Feature", "properties": {"id": 400, "highway": "primary"}, "geometry": {"type": "LineString", "coordinates": [[77.23833333333333, 28.627333333333333], [77.24, 28.627333333333333]]}}, {"type": "Feature", "properties": {"id": 401, "highway": "primary"}, "geometry": {"type": "LineString", "coordinates": [[77.24, 28.627333333333333], [77.24166666666667, 28.627333333333333]]}}, {"type": "Feature", "properties": {"id": 402, "highway": "primary"}, "geometry": {"type": "LineString", "coordinates": [[77.24166666666667, 28.627333333333333], [77.24333333333334, 28.627333333333333]]}}, {"type": "Feature", "properties": {"id": 403, "highway": "primary"}, "geometry": {"type": "LineString", "coordinates": [[77.24333333333334, 28.627333333333333], [77.245, 28.627333333333333]]}}, {"type": "Feature", "properties": {"id": 404, "highway": "primary"}, "geometry": {"type": "LineString", "coordinates": [[77.245, 28.627333333333333], [77.24666666666667, 28.627333333333333]]}}, {"type": "Feature", "properties": {"id": 405, "highway": "primary"}, "geometry": {"type": "LineString", "coordinates": [[77.24666666666667, 28.627333333333333], [77.24833333333333, 28.627333333333333]]}}, {"type": "Feature", "properties": {"id": 406, "highway": "primary"}, "geometry": {"type": "LineString", "coordinates": [[77.2, 28.628666666666664], [77.20166666666667, 28.628666666666664]]}}, {"type": "Feature", "properties": {"id": 407, "highway": "primary"}, "geometry": {"type": "LineString", "coordinates": [[77.20166666666667, 28.628666666666664], [77.20333333333333, 28.628666666666664]]}}, {"type": "Feature", "properties": {"id": 408, "highway": "primary"}, "geometry": {"type": "LineString", "coordinates": [[77.20333333333333, 28.628666666666664], [77.205, 28.628666666666664]]}}, {"type": "Feature", "properties": {"id": 409, "highway": "primary"}, "geometry": {"type": "LineString", "coordinates": [[77.205, 28.628666666666664], [77.20666666666666, 28.628666666666664]]}}, {"type": "Feature", "properties": {"id": 410, "highway": "primary"}, "geometry": {"type": "LineString", "coordinates": [[77.20666666666666, 28.628666666666664], [77.20833333333334, 28.628666666666664]]}}, {"type": "Feature", "properties": {"id": 411, "highway": "primary"}, "geometry": {"type": "LineString", "coordinates": [[77.20833333333334, 28.628666666666664], [77.21000000000001, 28.628666666666664]]}}, {"type": "Feature", "properties": {"id": 412, "highway": "primary"}, "geometry": {"type": "LineString", "coordinates": [[77.21000000000001, 28.628666666666664], [77.21166666666667, 28.628666666666664]]}}, {"type": "Feature", "properties": {"id": 413, "highway": "primary"}, "geometry": {"type": "LineString", "coordinates": [[77.21166666666667, 28.628666666666664], [77.21333333333334, 28.628666666666664]]}}, {"type": "Feature", "properties": {"id": 414, "highway": "primary"}, "geometry": {"type": "LineString", "coordinates": [[77.21333333333334, 28.628666666666664], [77.215, 28.628666666666664]]}}, {"type": "Feature", "properties": {"id": 415, "highway": "primary"}, "geometry": {"type": "LineString", "coordinates": [[77.215, 28.628666666666664], [77.21666666666667, 28.628666666666664]]}}, {"type": "Feature", "properties": {"id": 416, "highway": "primary"}, "geometry": {"type": "LineString", "coordinates": [[77.21666666666667, 28.628666666666664], [77.21833333333333, 28.628666666666664]]}}, {"type": "Feature", "properties": {"id": 417, "highway": "primary"}, "geometry": {"type": "LineString", "coordinates": [[77.21833333333333, 28.628666666666664], [77.22, 28.628666666666664]]}}, {"type": "Feature", "properties": {"id": 418, "highway": "primary"}, "geometry": {"type": "LineString", "coordinates": [[77.22, 28.628666666666664], [77.22166666666666, 28.628666666666664]]}}, {"type": "Feature", "properties": {"id": 419, "highway": "primary"}, "geometry": {"type": "LineString", "coordinates": [[77.22166666666666, 28.628666666666664], [77.22333333333333, 28.628666666666664]]}}, {"type": "Feature", "properties": {"id": 420, "highway": "primary"}, "geometry": {"type": "LineString", "coordinates": [[77.22333333333333, 28.628666666666664], [77.225, 28.628666666666664]]}}, {"type": "Feature", "properties": {"id": 421, "highway": "primary"}, "geometry": {"type": "LineString", "coordinates": [[77.225, 28.628666666666664], [77.22666666666667, 28.628666666666664]]}}, {"type": "Feature", "properties": {"id": 422, "highway": "primary"}, "geometry": {"type": "LineString", "coordinates": [[77.22666666666667, 28.628666666666664], [77.22833333333334, 28.628666666666664]]}}, {"type": "Feature", "properties": {"id": 423, "highway": "primary"}, "geometry": {"type": "LineString", "coordinates": [[77.22833333333334, 28.628666666666664], [77.23, 28.628666666666664]]}}, {"type": "Feature", "properties": {"id": 424, "highway": "primary"}, "geometry": {"type": "LineString", "coordinates": [[77.23, 28.628666666666664], [77.23166666666667, 28.628666666666664]]}}, {"type": "Feature", "properties": {"id": 425, "highway": "primary"}, "geometry": {"type": "LineString", "coordinates": [[77.23166666666667, 28.628666666666664], [77.23333333333333, 28.628666666666664]]}}, {"type": "Feature", "properties": {"id": 426, "highway": "primary"}, "geometry": {"type": "LineString", "coordinates": [[77.23333333333333, 28.628666666666664], [77.235, 28.628666666666664]]}}, {"type": "Feature", "properties": {"id": 427, "highway": "primary"}, "geometry": {"type": "LineString", "coordinates": [[77.235, 28.628666666666664], [77.23666666666666, 28.628666666666664]]}}, {"type": "Feature", "properties": {"id": 428, "highway": "primary"}, "geometry": {"type": "LineString", "coordinates": [[77.23666666666666, 28.628666666666664], [77.23833333333333, 28.628666666666664]]}}, {"type": "Feature", "properties": {"id": 429, "highway": "primary"}, "geometry": {"type": "LineString", "coordinates": [[77.23833333333333, 28.628666666666664], [77.24, 28.628666666666664]]}}, {"type": "Feature", "properties": {"id": 430, "highway": "primary"}, "geometry": {"type": "LineString", "coordinates": [[77.24, 28.628666666666664], [77.24166666666667, 28.628666666666664]]}}, {"type": "Feature", "properties": {"id": 431, "highway": "primary"}, "geometry": {"type": "LineString", "coordinates": [[77.24166666666667, 28.628666666666664], [77.24333333333334, 28.628666666666664]]}}, {"type": "Feature", "properties": {"id": 432, "highway": "primary"}, "geometry": {"type": "LineString", "coordinates": [[77.24333333333334, 28.628666666666664], [77.245, 28.628666666666664]]}}, {"type": "Feature", "properties": {"id": 433, "highway": "primary"}, "geometry": {"type": "LineString", "coordinates": [[77.245, 28.628666666666664], [77.24666666666667, 28.628666666666664]]}}, {"type": "Feature", "properties": {"id": 434, "highway": "primary"}, "geometry": {"type": "LineString", "coordinates": [[77.24666666666667, 28.628666666666664], [77.24833333333333, 28.628666666666664]]}}, {"type": "Feature", "properties": {"id": 435, "highway": "primary"}, "geometry": {"type": "LineString", "coordinates": [[77.2, 28.63], [77.20166666666667, 28.63]]}}, {"type": "Feature", "properties": {"id": 436, "highway": "primary"}, "geometry": {"type": "LineString", "coordinates": [[77.20166666666667, 28.63], [77.20333333333333, 28.63]]}}, {"type": "Feature", "properties": {"id": 437, "highway": "primary"}, "geometry": {"type": "LineString", "coordinates": [[77.20333333333333, 28.63], [77.205, 28.63]]}}, {"type": "Feature", "properties": {"id": 438, "highway": "primary"}, "geometry": {"type": "LineString", "coordinates": [[77.205, 28.63], [77.20666666666666, 28.63]]}}, {"type": "Feature", "properties": {"id": 439, "highway": "primary"}, "geometry": {"type": "LineString", "coordinates": [[77.20666666666666, 28.63], [77.20833333333334, 28.63]]}}, {"type": "Feature", "properties": {"id": 440, "highway": "primary"}, "geometry": {"type": "LineString", "coordinates": [[77.20833333333334, 28.63], [77.21000000000001, 28.63]]}}, {"type": "Feature", "properties": {"id": 441, "highway": "primary"}, "geometry": {"type": "LineString", "coordinates": [[77.21000000000001, 28.63], [77.21166666666667, 28.63]]}}, {"type": "Feature", "properties": {"id": 442, "highway": "primary"}, "geometry": {"type": "LineString", "coordinates": [[77.21166666666667, 28.63], [77.21333333333334, 28.63]]}}, {"type": "Feature", "properties": {"id": 443, "highway": "primary"}, "geometry": {"type": "LineString", "coordinates": [[77.21333333333334, 28.63], [77.215, 28.63]]}}, {"type": "Feature", "properties": {"id": 444, "highway": "primary"}, "geometry": {"type": "LineString", "coordinates": [[77.215, 28.63], [77.21666666666667, 28.63]]}}, {"type": "Feature", "properties": {"id": 445, "highway": "primary"}, "geometry": {"type": "LineString", "coordinates": [[77.21666666666667, 28.63], [77.21833333333333, 28.63]]}}, {"type": "Feature", "properties": {"id": 446, "highway": "primary"}, "geometry": {"type": "LineString", "coordinates": [[77.21833333333333, 28.63], [77.22, 28.63]]}}, {"type": "Feature", "properties": {"id": 447, "highway": "primary"}, "geometry": {"type": "LineString", "coordinates": [[77.22, 28.63], [77.22166666666666, 28.63]]}}, {"type": "Feature", "properties": {"id": 448, "highway": "primary"}, "geometry": {"type": "LineString", "coordinates": [[77.22166666666666, 28.63], [77.22333333333333, 28.63]]}}, {"type": "Feature", "properties": {"id": 449, "highway": "primary"}, "geometry": {"type": "LineString", "coordinates": [[77.22333333333333, 28.63], [77.225, 28.63]]}}, {"type": "Feature", "properties": {"id": 450, "highway": "primary"}, "geometry": {"type": "LineString", "coordinates": [[77.225, 28.63], [77.22666666666667, 28.63]]}}, {"type": "Feature", "properties": {"id": 451, "highway": "primary"}, "geometry": {"type": "LineString", "coordinates": [[77.22666666666667, 28.63], [77.22833333333334, 28.63]]}}, {"type": "Feature", "properties": {"id": 452, "highway": "primary"}, "geometry": {"type": "LineString", "coordinates": [[77.22833333333334, 28.63], [77.23, 28.63]]}}, {"type": "Feature", "properties": {"id": 453, "highway": "primary"}, "geometry": {"type": "LineString", "coordinates": [[77.23, 28.63], [77.23166666666667, 28.63]]}}, {"type": "Feature", "properties": {"id": 454, "highway": "primary"}, "geometry": {"type": "LineString", "coordinates": [[77.23166666666667, 28.63], [77.23333333333333, 28.63]]}}, {"type": "Feature", "properties": {"id": 455, "highway": "primary"}, "geometry": {"type": "LineString", "coordinates": [[77.23333333333333, 28.63], [77.235, 28.63]]}}, {"type": "Feature", "properties": {"id": 456, "highway": "primary"}, "geometry": {"type": "LineString", "coordinates": [[77.235, 28.63], [77.23666666666666, 28.63]]}}, {"type": "Feature", "properties": {"id": 457, "highway": "primary"}, "geometry": {"type": "LineString", "coordinates": [[77.23666666666666, 28.63], [77.23833333333333, 28.63]]}}, {"type": "Feature", "properties": {"id": 458, "highway": "primary"}, "geometry": {"type": "LineString", "coordinates": [[77.23833333333333, 28.63], [77.24, 28.63]]}}, {"type": "Feature", "properties": {"id": 459, "highway": "primary"}, "geometry": {"type": "LineString", "coordinates": [[77.24, 28.63], [77.24166666666667, 28.63]]}}, {"type": "Feature", "properties": {"id": 460, "highway": "primary"}, "geometry": {"type": "LineString", "coordinates": [[77.24166666666667, 28.63], [77.24333333333334, 28.63]]}}, {"type": "Feature", "properties": {"id": 461, "highway": "primary"}, "geometry": {"type": "LineString", "coordinates": [[77.24333333333334, 28.63], [77.245, 28.63]]}}, {"type": "Feature", "properties": {"id": 462, "highway": "primary"}, "geometry": {"type": "LineString", "coordinates": [[77.245, 28.63], [77.24666666666667, 28.63]]}}, {"type": "Feature", "properties": {"id": 463, "highway": "primary"}, "geometry": {"type": "LineString", "coordinates": [[77.24666666666667, 28.63], [77.24833333333333, 28.63]]}}, {"type": "Feature", "properties": {"id": 464, "highway": "primary"}, "geometry": {"type": "LineString", "coordinates": [[77.2, 28.631333333333334], [77.20166666666667, 28.631333333333334]]}}, {"type": "Feature", "properties": {"id": 465, "highway": "primary"}, "geometry": {"type": "LineString", "coordinates": [[77.20166666666667, 28.631333333333334], [77.20333333333333, 28.631333333333334]]}}, {"type": "Feature", "properties": {"id": 466, "highway": "primary"}, "geometry": {"type": "LineString", "coordinates": [[77.20333333333333, 28.631333333333334], [77.205, 28.631333333333334]]}}, {"type": "Feature", "properties": {"id": 467, "highway": "primary"}, "geometry": {"type": "LineString", "coordinates": [[77.205, 28.631333333333334], [77.20666666666666, 28.631333333333334]]}}, {"type": "Feature", "properties": {"id": 468, "highway": "primary"}, "geometry": {"type": "LineString", "coordinates": [[77.20666666666666, 28.631333333333334], [77.20833333333334, 28.631333333333334]]}}, {"type": "Feature", "properties": {"id": 469, "highway": "primary"}, "geometry": {"type": "LineString", "coordinates": [[77.20833333333334, 28.631333333333334], [77.21000000000001, 28.631333333333334]]}}, {"type": "Feature", "properties": {"id": 470, "highway": "primary"}, "geometry": {"type": "LineString", "coordinates": [[77.21000000000001, 28.631333333333334], [77.21166666666667, 28.631333333333334]]}}, {"type": "Feature", "properties": {"id": 471, "highway": "primary"}, "geometry": {"type": "LineString", "coordinates": [[77.21166666666667, 28.631333333333334], [77.21333333333334, 28.631333333333334]]}}, {"type": "Feature", "properties": {"id": 472, "highway": "primary"}, "geometry": {"type": "LineString", "coordinates": [[77.21333333333334, 28.631333333333334], [77.215, 28.631333333333334]]}}, {"type": "Feature", "properties": {"id": 473, "highway": "primary"}, "geometry": {"type": "LineString", "coordinates": [[77.215, 28.631333333333334], [77.21666666666667, 28.631333333333334]]}}, {"type": "Feature", "properties": {"id": 474, "highway": "primary"}, "geometry": {"type": "LineString", "coordinates": [[77.21666666666667, 28.631333333333334], [77.21833333333333, 28.631333333333334]]}}, {"type": "Feature", "properties": {"id": 475, "highway": "primary"}, "geometry": {"type": "LineString", "coordinates": [[77.21833333333333, 28.631333333333334], [77.22, 28.631333333333334]]}}, {"type": "Feature", "properties": {"id": 476, "highway": "primary"}, "geometry": {"type": "LineString", "coordinates": [[77.22, 28.631333333333334], [77.22166666666666, 28.631333333333334]]}}, {"type": "Feature", "properties": {"id": 477, "highway": "primary"}, "geometry": {"type": "LineString", "coordinates": [[77.22166666666666, 28.631333333333334], [77.22333333333333, 28.631333333333334]]}}, {"type": "Feature", "properties": {"id": 478, "highway": "primary"}, "geometry": {"type": "LineString", "coordinates": [[77.22333333333333, 28.631333333333334], [77.225, 28.631333333333334]]}}, {"type": "Feature", "properties": {"id": 479, "highway": "primary"}, "geometry": {"type": "LineString", "coordinates": [[77.225, 28.631333333333334], [77.22666666666667, 28.631333333333334]]}}, {"type": "Feature", "properties": {"id": 480, "highway": "primary"}, "geometry": {"type": "LineString", "coordinates": [[77.22666666666667, 28.631333333333334], [77.22833333333334, 28.631333333333334]]}}, {"type": "Feature", "properties": {"id": 481, "highway": "primary"}, "geometry": {"type": "LineString", "coordinates": [[77.22833333333334, 28.631333333333334], [77.23, 28.631333333333334]]}}, {"type": "Feature", "properties": {"id": 482, "highway": "primary"}, "geometry": {"type": "LineString", "coordinates": [[77.23, 28.631333333333334], [77.23166666666667, 28.631333333333334]]}}, {"type": "Feature", "properties": {"id": 483, "highway": "primary"}, "geometry": {"type": "LineString", "coordinates": [[77.23166666666667, 28.631333333333334], [77.23333333333333, 28.631333333333334]]}}, {"type": "Feature", "properties": {"id": 484, "highway": "primary"}, "geometry": {"type": "LineString", "coordinates": [[77.23333333333333, 28.631333333333334], [77.235, 28.631333333333334]]}}, {"type": "Feature", "properties": {"id": 485, "highway": "primary"}, "geometry": {"type": "LineString", "coordinates": [[77.235, 28.631333333333334], [77.23666666666666, 28.631333333333334]]}}, {"type": "Feature", "properties": {"id": 486, "highway": "primary"}, "geometry": {"type": "LineString", "coordinates": [[77.23666666666666, 28.631333333333334], [77.23833333333333, 28.631333333333334]]}}, {"type": "Feature", "properties": {"id": 487, "highway": "primary"}, "geometry": {"type": "LineString", "coordinates": [[77.23833333333333, 28.631333333333334], [77.24, 28.631333333333334]]}}, {"type": "Feature", "properties": {"id": 488, "highway": "primary"}, "geometry": {"type": "LineString", "coordinates": [[77.24, 28.631333333333334], [77.24166666666667, 28.631333333333334]]}}, {"type": "Feature", "properties": {"id": 489, "highway": "primary"}, "geometry": {"type": "LineString", "coordinates": [[77.24166666666667, 28.631333333333334], [77.24333333333334, 28.631333333333334]]}}, {"type": "Feature", "properties": {"id": 490, "highway": "primary"}, "geometry": {"type": "LineString", "coordinates": [[77.24333333333334, 28.631333333333334], [77.245, 28.631333333333334]]}}, {"type": "Feature", "properties": {"id": 491, "highway": "primary"}, "geometry": {"type": "LineString", "coordinates": [[77.245, 28.631333333333334], [77.24666666666667, 28.631333333333334]]}}, {"type": "Feature", "properties": {"id": 492, "highway": "primary"}, "geometry": {"type": "LineString", "coordinates": [[77.24666666666667, 28.631333333333334], [77.24833333333333, 28.631333333333334]]}}, {"type": "Feature", "properties": {"id": 493, "highway": "primary"}, "geometry": {"type": "LineString", "coordinates": [[77.2, 28.632666666666665], [77.20166666666667, 28.632666666666665]]}}, {"type": "Feature", "properties": {"id": 494, "highway": "primary"}, "geometry": {"type": "LineString", "coordinates": [[77.20166666666667, 28.632666666666665], [77.20333333333333, 28.632666666666665]]}}, {"type": "Feature", "properties": {"id": 495, "highway": "primary"}, "geometry": {"type": "LineString", "coordinates": [[77.20333333333333, 28.632666666666665], [77.205, 28.632666666666665]]}}, {"type": "Feature", "properties": {"id": 496, "highway": "primary"}, "geometry": {"type": "LineString", "coordinates": [[77.205, 28.632666666666665], [77.20666666666666, 28.632666666666665]]}}, {"type": "Feature", "properties": {"id": 497, "highway": "primary"}, "geometry": {"type": "LineString", "coordinates": [[77.20666666666666, 28.632666666666665], [77.20833333333334, 28.632666666666665]]}}, {"type": "Feature", "properties": {"id": 498, "highway": "primary"}, "geometry": {"type": "LineString", "coordinates": [[77.20833333333334, 28.632666666666665], [77.21000000000001, 28.632666666666665]]}}, {"type": "Feature", "properties": {"id": 499, "highway": "primary"}, "geometry": {"type": "LineString", "coordinates": [[77.21000000000001, 28.632666666666665], [77.21166666666667, 28.632666666666665]]}}, {"type": "Feature", "properties": {"id": 500, "highway": "primary"}, "geometry": {"type": "LineString", "coordinates": [[77.21166666666667, 28.632666666666665], [77.21333333333334, 28.632666666666665]]}}, {"type": "Feature", "properties": {"id": 501, "highway": "primary"}, "geometry": {"type": "LineString", "coordinates": [[77.21333333333334, 28.632666666666665], [77.215, 28.632666666666665]]}}, {"type": "Feature", "properties": {"id": 502, "highway": "primary"}, "geometry": {"type": "LineString", "coordinates": [[77.215, 28.632666666666665], [77.21666666666667, 28.632666666666665]]}}, {"type": "Feature", "properties": {"id": 503, "highway": "primary"}, "geometry": {"type": "LineString", "coordinates": [[77.21666666666667, 28.632666666666665], [77.21833333333333, 28.632666666666665]]}}, {"type": "Feature", "properties": {"id": 504, "highway": "primary"}, "geometry": {"type": "LineString", "coordinates": [[77.21833333333333, 28.632666666666665], [77.22, 28.632666666666665]]}}, {"type": "Feature", "properties": {"id": 505, "highway": "primary"}, "geometry": {"type": "LineString", "coordinates": [[77.22, 28.632666666666665], [77.22166666666666, 28.632666666666665]]}}, {"type": "Feature", "properties": {"id": 506, "highway": "primary"}, "geometry": {"type": "LineString", "coordinates": [[77.22166666666666, 28.632666666666665], [77.22333333333333, 28.632666666666665]]}}, {"type": "Feature", "properties": {"id": 507, "highway": "primary"}, "geometry": {"type": "LineString", "coordinates": [[77.22333333333333, 28.632666666666665], [77.225, 28.632666666666665]]}}, {"type": "Feature", "properties": {"id": 508, "highway": "primary"}, "geometry": {"type": "LineString", "coordinates": [[77.225, 28.632666666666665], [77.22666666666667, 28.632666666666665]]}}, {"type": "Feature", "properties": {"id": 509, "highway": "primary"}, "geometry": {"type": "LineString", "coordinates": [[77.22666666666667, 28.632666666666665], [77.22833333333334, 28.632666666666665]]}}, {"type": "Feature", "properties": {"id": 510, "highway": "primary"}, "geometry": {"type": "LineString", "coordinates": [[77.22833333333334, 28.632666666666665], [77.23, 28.632666666666665]]}}, {"type": "Feature", "properties": {"id": 511, "highway": "primary"}, "geometry": {"type": "LineString", "coordinates": [[77.23, 28.632666666666665], [77.23166666666667, 28.632666666666665]]}}, {"type": "Feature", "properties": {"id": 512, "highway": "primary"}, "geometry": {"type": "LineString", "coordinates": [[77.23166666666667, 28.632666666666665], [77.23333333333333, 28.632666666666665]]}}, {"type": "Feature", "properties": {"id": 513, "highway": "primary"}, "geometry": {"type": "LineString", "coordinates": [[77.23333333333333, 28.632666666666665], [77.235, 28.632666666666665]]}}, {"type": "Feature", "properties": {"id": 514, "highway": "primary"}, "geometry": {"type": "LineString", "coordinates": [[77.235, 28.632666666666665], [77.23666666666666, 28.632666666666665]]}}, {"type": "Feature", "properties": {"id": 515, "highway": "primary"}, "geometry": {"type": "LineString", "coordinates": [[77.23666666666666, 28.632666666666665], [77.23833333333333, 28.632666666666665]]}}, {"type": "Feature", "properties": {"id": 516, "highway": "primary"}, "geometry": {"type": "LineString", "coordinates": [[77.23833333333333, 28.632666666666665], [77.24, 28.632666666666665]]}}, {"type": "Feature", "properties": {"id": 517, "highway": "primary"}, "geometry": {"type": "LineString", "coordinates": [[77.24, 28.632666666666665], [77.24166666666667, 28.632666666666665]]}}, {"type": "Feature", "properties": {"id": 518, "highway": "primary"}, "geometry": {"type": "LineString", "coordinates": [[77.24166666666667, 28.632666666666665], [77.24333333333334, 28.632666666666665]]}}, {"type": "Feature", "properties": {"id": 519, "highway": "primary"}, "geometry": {"type": "LineString", "coordinates": [[77.24333333333334, 28.632666666666665], [77.245, 28.632666666666665]]}}, {"type": "Feature", "properties": {"id": 520, "highway": "primary"}, "geometry": {"type": "LineString", "coordinates": [[77.245, 28.632666666666665], [77.24666666666667, 28.632666666666665]]}}, {"type": "Feature", "properties": {"id": 521, "highway": "primary"}, "geometry": {"type": "LineString", "coordinates": [[77.24666666666667, 28.632666666666665], [77.24833333333333, 28.632666666666665]]}}, {"type": "Feature", "properties": {"id": 522, "highway": "primary"}, "geometry": {"type": "LineString", "coordinates": [[77.2, 28.634], [77.20166666666667, 28.634]]}}, {"type": "Feature", "properties": {"id": 523, "highway": "primary"}, "geometry": {"type": "LineString", "coordinates": [[77.20166666666667, 28.634], [77.20333333333333, 28.634]]}}, {"type": "Feature", "properties": {"id": 524, "highway": "primary"}, "geometry": {"type": "LineString", "coordinates": [[77.20333333333333, 28.634], [77.205, 28.634]]}}, {"type": "Feature", "properties": {"id": 525, "highway": "primary"}, "geometry": {"type": "LineString", "coordinates": [[77.205, 28.634], [77.20666666666666, 28.634]]}}, {"type": "Feature", "properties": {"id": 526, "highway": "primary"}, "geometry": {"type": "LineString", "coordinates": [[77.20666666666666, 28.634], [77.20833333333334, 28.634]]}}, {"type": "Feature", "properties": {"id": 527, "highway": "primary"}, "geometry": {"type": "LineString", "coordinates": [[77.20833333333334, 28.634], [77.21000000000001, 28.634]]}}, {"type": "Feature", "properties": {"id": 528, "highway": "primary"}, "geometry": {"type": "LineString", "coordinates": [[77.21000000000001, 28.634], [77.21166666666667, 28.634]]}}, {"type": "Feature", "properties": {"id": 529, "highway": "primary"}, "geometry": {"type": "LineString", "coordinates": [[77.21166666666667, 28.634], [77.21333333333334, 28.634]]}}, {"type": "Feature", "properties": {"id": 530, "highway": "primary"}, "geometry": {"type": "LineString", "coordinates": [[77.21333333333334, 28.634], [77.215, 28.634]]}}, {"type": "Feature", "properties": {"id": 531, "highway": "primary"}, "geometry": {"type": "LineString", "coordinates": [[77.215, 28.634], [77.21666666666667, 28.634]]}}, {"type": "Feature", "properties": {"id": 532, "highway": "primary"}, "geometry": {"type": "LineString", "coordinates": [[77.21666666666667, 28.634], [77.21833333333333, 28.634]]}}, {"type": "Feature", "properties": {"id": 533, "highway": "primary"}, "geometry": {"type": "LineString", "coordinates": [[77.21833333333333, 28.634], [77.22, 28.634]]}}, {"type": "Feature", "properties": {"id": 534, "highway": "primary"}, "geometry": {"type": "LineString", "coordinates": [[77.22, 28.634], [77.22166666666666, 28.634]]}}, {"type": "Feature", "properties": {"id": 535, "highway": "primary"}, "geometry": {"type": "LineString", "coordinates": [[77.22166666666666, 28.634], [77.22333333333333, 28.634]]}}, {"type": "Feature", "properties": {"id": 536, "highway": "primary"}, "geometry": {"type": "LineString", "coordinates": [[77.22333333333333, 28.634], [77.225, 28.634]]}}, {"type": "Feature", "properties": {"id": 537, "highway": "primary"}, "geometry": {"type": "LineString", "coordinates": [[77.225, 28.634], [77.22666666666667, 28.634]]}}, {"type": "Feature", "properties": {"id": 538, "highway": "primary"}, "geometry": {"type": "LineString", "coordinates": [[77.22666666666667, 28.634], [77.22833333333334, 28.634]]}}, {"type": "Feature", "properties": {"id": 539, "highway": "primary"}, "geometry": {"type": "LineString", "coordinates": [[77.22833333333334, 28.634], [77.23, 28.634]]}}, {"type": "Feature", "properties": {"id": 540, "highway": "primary"}, "geometry": {"type": "LineString", "coordinates": [[77.23, 28.634], [77.23166666666667, 28.634]]}}, {"type": "Feature", "properties": {"id": 541, "highway": "primary"}, "geometry": {"type": "LineString", "coordinates": [[77.23166666666667, 28.634], [77.23333333333333, 28.634]]}}, {"type": "Feature", "properties": {"id": 542, "highway": "primary"}, "geometry": {"type": "LineString", "coordinates": [[77.23333333333333, 28.634], [77.235, 28.634]]}}, {"type": "Feature", "properties": {"id": 543, "highway": "primary"}, "geometry": {"type": "LineString", "coordinates": [[77.235, 28.634], [77.23666666666666, 28.634]]}}, {"type": "Feature", "properties": {"id": 544, "highway": "primary"}, "geometry": {"type": "LineString", "coordinates": [[77.23666666666666, 28.634], [77.23833333333333, 28.634]]}}, {"type": "Feature", "properties": {"id": 545, "highway": "primary"}, "geometry": {"type": "LineString", "coordinates": [[77.23833333333333, 28.634], [77.24, 28.634]]}}, {"type": "Feature", "properties": {"id": 546, "highway": "primary"}, "geometry": {"type": "LineString", "coordinates": [[77.24, 28.634], [77.24166666666667, 28.634]]}}, {"type": "Feature", "properties": {"id": 547, "highway": "primary"}, "geometry": {"type": "LineString", "coordinates": [[77.24166666666667, 28.634], [77.24333333333334, 28.634]]}}, {"type": "Feature", "properties": {"id": 548, "highway": "primary"}, "geometry": {"type": "LineString", "coordinates": [[77.24333333333334, 28.634], [77.245, 28.634]]}}, {"type": "Feature", "properties": {"id": 549, "highway": "primary"}, "geometry": {"type": "LineString", "coordinates": [[77.245, 28.634], [77.24666666666667, 28.634]]}}, {"type": "Feature", "properties": {"id": 550, "highway": "primary"}, "geometry": {"type": "LineString", "coordinates": [[77.24666666666667, 28.634], [77.24833333333333, 28.634]]}}, {"type": "Feature", "properties": {"id": 551, "highway": "primary"}, "geometry": {"type": "LineString", "coordinates": [[77.2, 28.63533333333333], [77.20166666666667, 28.63533333333333]]}}, {"type": "Feature", "properties": {"id": 552, "highway": "primary"}, "geometry": {"type": "LineString", "coordinates": [[77.20166666666667, 28.63533333333333], [77.20333333333333, 28.63533333333333]]}}, {"type": "Feature", "properties": {"id": 553, "highway": "primary"}, "geometry": {"type": "LineString", "coordinates": [[77.20333333333333, 28.63533333333333], [77.205, 28.63533333333333]]}}, {"type": "Feature", "properties": {"id": 554, "highway": "primary"}, "geometry": {"type": "LineString", "coordinates": [[77.205, 28.63533333333333], [77.20666666666666, 28.63533333333333]]}}, {"type": "Feature", "properties": {"id": 555, "highway": "primary"}, "geometry": {"type": "LineString", "coordinates": [[77.20666666666666, 28.63533333333333], [77.20833333333334, 28.63533333333333]]}}, {"type": "Feature", "properties": {"id": 556, "highway": "primary"}, "geometry": {"type": "LineString", "coordinates": [[77.20833333333334, 28.63533333333333], [77.21000000000001, 28.63533333333333]]}}, {"type": "Feature", "properties": {"id": 557, "highway": "primary"}, "geometry": {"type": "LineString", "coordinates": [[77.21000000000001, 28.63533333333333], [77.21166666666667, 28.63533333333333]]}}, {"type": "Feature", "properties": {"id": 558, "highway": "primary"}, "geometry": {"type": "LineString", "coordinates": [[77.21166666666667, 28.63533333333333], [77.21333333333334, 28.63533333333333]]}}, {"type": "Feature", "properties": {"id": 559, "highway": "primary"}, "geometry": {"type": "LineString", "coordinates": [[77.21333333333334, 28.63533333333333], [77.215, 28.63533333333333]]}}, {"type": "Feature", "properties": {"id": 560, "highway": "primary"}, "geometry": {"type": "LineString", "coordinates": [[77.215, 28.63533333333333], [77.21666666666667, 28.63533333333333]]}}, {"type": "Feature", "properties": {"id": 561, "highway": "primary"}, "geometry": {"type": "LineString", "coordinates": [[77.21666666666667, 28.63533333333333], [77.21833333333333, 28.63533333333333]]}}, {"type": "Feature", "properties": {"id": 562, "highway": "primary"}, "geometry": {"type": "LineString", "coordinates": [[77.21833333333333, 28.63533333333333], [77.22, 28.63533333333333]]}}, {"type": "Feature", "properties": {"id": 563, "highway": "primary"}, "geometry": {"type": "LineString", "coordinates": [[77.22, 28.63533333333333], [77.22166666666666, 28.63533333333333]]}}, {"type": "Feature", "properties": {"id": 564, "highway": "primary"}, "geometry": {"type": "LineString", "coordinates": [[77.22166666666666, 28.63533333333333], [77.22333333333333, 28.63533333333333]]}}, {"type": "Feature", "properties": {"id": 565, "highway": "primary"}, "geometry": {"type": "LineString", "coordinates": [[77.22333333333333, 28.63533333333333], [77.225, 28.63533333333333]]}}, {"type": "Feature", "properties": {"id": 566, "highway": "primary"}, "geometry": {"type": "LineString", "coordinates": [[77.225, 28.63533333333333], [77.22666666666667, 28.63533333333333]]}}, {"type": "Feature", "properties": {"id": 567, "highway": "primary"}, "geometry": {"type": "LineString", "coordinates": [[77.22666666666667, 28.63533333333333], [77.22833333333334, 28.63533333333333]]}}, {"type": "Feature", "properties": {"id": 568, "highway": "primary"}, "geometry": {"type": "LineString", "coordinates": [[77.22833333333334, 28.63533333333333], [77.23, 28.63533333333333]]}}, {"type": "Feature", "properties": {"id": 569, "highway": "primary"}, "geometry": {"type": "LineString", "coordinates": [[77.23, 28.63533333333333], [77.23166666666667, 28.63533333333333]]}}, {"type": "Feature", "properties": {"id": 570, "highway": "primary"}, "geometry": {"type": "LineString", "coordinates": [[77.23166666666667, 28.63533333333333], [77.23333333333333, 28.63533333333333]]}}, {"type": "Feature", "properties": {"id": 571, "highway": "primary"}, "geometry": {"type": "LineString", "coordinates": [[77.23333333333333, 28.63533333333333], [77.235, 28.63533333333333]]}}, {"type": "Feature", "properties": {"id": 572, "highway": "primary"}, "geometry": {"type": "LineString", "coordinates": [[77.235, 28.63533333333333], [77.23666666666666, 28.63533333333333]]}}, {"type": "Feature", "properties": {"id": 573, "highway": "primary"}, "geometry": {"type": "LineString", "coordinates": [[77.23666666666666, 28.63533333333333], [77.23833333333333, 28.63533333333333]]}}, {"type": "Feature", "properties": {"id": 574, "highway": "primary"}, "geometry": {"type": "LineString", "coordinates": [[77.23833333333333, 28.63533333333333], [77.24, 28.63533333333333]]}}, {"type": "Feature", "properties": {"id": 575, "highway": "primary"}, "geometry": {"type": "LineString", "coordinates": [[77.24, 28.63533333333333], [77.24166666666667, 28.63533333333333]]}}, {"type": "Feature", "properties": {"id": 576, "highway": "primary"}, "geometry": {"type": "LineString", "coordinates": [[77.24166666666667, 28.63533333333333], [77.24333333333334, 28.63533333333333]]}}, {"type": "Feature", "properties": {"id": 577, "highway": "primary"}, "geometry": {"type": "LineString", "coordinates": [[77.24333333333334, 28.63533333333333], [77.245, 28.63533333333333]]}}, {"type": "Feature", "properties": {"id": 578, "highway": "primary"}, "geometry": {"type": "LineString", "coordinates": [[77.245, 28.63533333333333], [77.24666666666667, 28.63533333333333]]}}, {"type": "Feature", "properties": {"id": 579, "highway": "primary"}, "geometry": {"type": "LineString", "coordinates": [[77.24666666666667, 28.63533333333333], [77.24833333333333, 28.63533333333333]]}}, {"type": "Feature", "properties": {"id": 580, "highway": "primary"}, "geometry": {"type": "LineString", "coordinates": [[77.2, 28.636666666666667], [77.20166666666667, 28.636666666666667]]}}, {"type": "Feature", "properties": {"id": 581, "highway": "primary"}, "geometry": {"type": "LineString", "coordinates": [[77.20166666666667, 28.636666666666667], [77.20333333333333, 28.636666666666667]]}}, {"type": "Feature", "properties": {"id": 582, "highway": "primary"}, "geometry": {"type": "LineString", "coordinates": [[77.20333333333333, 28.636666666666667], [77.205, 28.636666666666667]]}}, {"type": "Feature", "properties": {"id": 583, "highway": "primary"}, "geometry": {"type": "LineString", "coordinates": [[77.205, 28.636666666666667], [77.20666666666666, 28.636666666666667]]}}, {"type": "Feature", "properties": {"id": 584, "highway": "primary"}, "geometry": {"type": "LineString", "coordinates": [[77.20666666666666, 28.636666666666667], [77.20833333333334, 28.636666666666667]]}}, {"type": "Feature", "properties": {"id": 585, "highway": "primary"}, "geometry": {"type": "LineString", "coordinates": [[77.20833333333334, 28.636666666666667], [77.21000000000001, 28.636666666666667]]}}, {"type": "Feature", "properties": {"id": 586, "highway": "primary"}, "geometry": {"type": "LineString", "coordinates": [[77.21000000000001, 28.636666666666667], [77.21166666666667, 28.636666666666667]]}}, {"type": "Feature", "properties": {"id": 587, "highway": "primary"}, "geometry": {"type": "LineString", "coordinates": [[77.21166666666667, 28.636666666666667], [77.21333333333334, 28.636666666666667]]}}, {"type": "Feature", "properties": {"id": 588, "highway": "primary"}, "geometry": {"type": "LineString", "coordinates": [[77.21333333333334, 28.636666666666667], [77.215, 28.636666666666667]]}}, {"type": "Feature", "properties": {"id": 589, "highway": "primary"}, "geometry": {"type": "LineString", "coordinates": [[77.215, 28.636666666666667], [77.21666666666667, 28.636666666666667]]}}, {"type": "Feature", "properties": {"id": 590, "highway": "primary"}, "geometry": {"type": "LineString", "coordinates": [[77.21666666666667, 28.636666666666667], [77.21833333333333, 28.636666666666667]]}}, {"type": "Feature", "properties": {"id": 591, "highway": "primary"}, "geometry": {"type": "LineString", "coordinates": [[77.21833333333333, 28.636666666666667], [77.22, 28.636666666666667]]}}, {"type": "Feature", "properties": {"id": 592, "highway": "primary"}, "geometry": {"type": "LineString", "coordinates": [[77.22, 28.636666666666667], [77.22166666666666, 28.636666666666667]]}}, {"type": "Feature", "properties": {"id": 593, "highway": "primary"}, "geometry": {"type": "LineString", "coordinates": [[77.22166666666666, 28.636666666666667], [77.22333333333333, 28.636666666666667]]}}, {"type": "Feature", "properties": {"id": 594, "highway": "primary"}, "geometry": {"type": "LineString", "coordinates": [[77.22333333333333, 28.636666666666667], [77.225, 28.636666666666667]]}}, {"type": "Feature", "properties": {"id": 595, "highway": "primary"}, "geometry": {"type": "LineString", "coordinates": [[77.225, 28.636666666666667], [77.22666666666667, 28.636666666666667]]}}, {"type": "Feature", "properties": {"id": 596, "highway": "primary"}, "geometry": {"type": "LineString", "coordinates": [[77.22666666666667, 28.636666666666667], [77.22833333333334, 28.636666666666667]]}}, {"type": "Feature", "properties": {"id": 597, "highway": "primary"}, "geometry": {"type": "LineString", "coordinates": [[77.22833333333334, 28.636666666666667], [77.23, 28.636666666666667]]}}, {"type": "Feature", "properties": {"id": 598, "highway": "primary"}, "geometry": {"type": "LineString", "coordinates": [[77.23, 28.636666666666667], [77.23166666666667, 28.636666666666667]]}}, {"type": "Feature", "properties": {"id": 599, "highway": "primary"}, "geometry": {"type": "LineString", "coordinates": [[77.23166666666667, 28.636666666666667], [77.23333333333333, 28.636666666666667]]}}, {"type": "Feature", "properties": {"id": 600, "highway": "primary"}, "geometry": {"type": "LineString", "coordinates": [[77.23333333333333, 28.636666666666667], [77.235, 28.636666666666667]]}}, {"type": "Feature", "properties": {"id": 601, "highway": "primary"}, "geometry": {"type": "LineString", "coordinates": [[77.235, 28.636666666666667], [77.23666666666666, 28.636666666666667]]}}, {"type": "Feature", "properties": {"id": 602, "highway": "primary"}, "geometry": {"type": "LineString", "coordinates": [[77.23666666666666, 28.636666666666667], [77.23833333333333, 28.636666666666667]]}}, {"type": "Feature", "properties": {"id": 603, "highway": "primary"}, "geometry": {"type": "LineString", "coordinates": [[77.23833333333333, 28.636666666666667], [77.24, 28.636666666666667]]}}, {"type": "Feature", "properties": {"id": 604, "highway": "primary"}, "geometry": {"type": "LineString", "coordinates": [[77.24, 28.636666666666667], [77.24166666666667, 28.636666666666667]]}}, {"type": "Feature", "properties": {"id": 605, "highway": "primary"}, "geometry": {"type": "LineString", "coordinates": [[77.24166666666667, 28.636666666666667], [77.24333333333334, 28.636666666666667]]}}, {"type": "Feature", "properties": {"id": 606, "highway": "primary"}, "geometry": {"type": "LineString", "coordinates": [[77.24333333333334, 28.636666666666667], [77.245, 28.636666666666667]]}}, {"type": "Feature", "properties": {"id": 607, "highway": "primary"}, "geometry": {"type": "LineString", "coordinates": [[77.245, 28.636666666666667], [77.24666666666667, 28.636666666666667]]}}, {"type": "Feature", "properties": {"id": 608, "highway": "primary"}, "geometry": {"type": "LineString", "coordinates": [[77.24666666666667, 28.636666666666667], [77.24833333333333, 28.636666666666667]]}}, {"type": "Feature", "properties": {"id": 609, "highway": "primary"}, "geometry": {"type": "LineString", "coordinates": [[77.2, 28.637999999999998], [77.20166666666667, 28.637999999999998]]}}, {"type": "Feature", "properties": {"id": 610, "highway": "primary"}, "geometry": {"type": "LineString", "coordinates": [[77.20166666666667, 28.637999999999998], [77.20333333333333, 28.637999999999998]]}}, {"type": "Feature", "properties": {"id": 611, "highway": "primary"}, "geometry": {"type": "LineString", "coordinates": [[77.20333333333333, 28.637999999999998], [77.205, 28.637999999999998]]}}, {"type": "Feature", "properties": {"id": 612, "highway": "primary"}, "geometry": {"type": "LineString", "coordinates": [[77.205, 28.637999999999998], [77.20666666666666, 28.637999999999998]]}}, {"type": "Feature", "properties": {"id": 613, "highway": "primary"}, "geometry": {"type": "LineString", "coordinates": [[77.20666666666666, 28.637999999999998], [77.20833333333334, 28.637999999999998]]}}, {"type": "Feature", "properties": {"id": 614, "highway": "primary"}, "geometry": {"type": "LineString", "coordinates": [[77.20833333333334, 28.637999999999998], [77.21000000000001, 28.637999999999998]]}}, {"type": "Feature", "properties": {"id": 615, "highway": "primary"}, "geometry": {"type": "LineString", "coordinates": [[77.21000000000001, 28.637999999999998], [77.21166666666667, 28.637999999999998]]}}, {"type": "Feature", "properties": {"id": 616, "highway": "primary"}, "geometry": {"type": "LineString", "coordinates": [[77.21166666666667, 28.637999999999998], [77.21333333333334, 28.637999999999998]]}}, {"type": "Feature", "properties": {"id": 617, "highway": "primary"}, "geometry": {"type": "LineString", "coordinates": [[77.21333333333334, 28.637999999999998], [77.215, 28.637999999999998]]}}, {"type": "Feature", "properties": {"id": 618, "highway": "primary"}, "geometry": {"type": "LineString", "coordinates": [[77.215, 28.637999999999998], [77.21666666666667, 28.637999999999998]]}}, {"type": "Feature", "properties": {"id": 619, "highway": "primary"}, "geometry": {"type": "LineString", "coordinates": [[77.21666666666667, 28.637999999999998], [77.21833333333333, 28.637999999999998]]}}, {"type": "Feature", "properties": {"id": 620, "highway": "primary"}, "geometry": {"type": "LineString", "coordinates": [[77.21833333333333, 28.637999999999998], [77.22, 28.637999999999998]]}}, {"type": "Feature", "properties": {"id": 621, "highway": "primary"}, "geometry": {"type": "LineString", "coordinates": [[77.22, 28.637999999999998], [77.22166666666666, 28.637999999999998]]}}, {"type": "Feature", "properties": {"id": 622, "highway": "primary"}, "geometry": {"type": "LineString", "coordinates": [[77.22166666666666, 28.637999999999998], [77.22333333333333, 28.637999999999998]]}}, {"type": "Feature", "properties": {"id": 623, "highway": "primary"}, "geometry": {"type": "LineString", "coordinates": [[77.22333333333333, 28.637999999999998], [77.225, 28.637999999999998]]}}, {"type": "Feature", "properties": {"id": 624, "highway": "primary"}, "geometry": {"type": "LineString", "coordinates": [[77.225, 28.637999999999998], [77.22666666666667, 28.637999999999998]]}}, {"type": "Feature", "properties": {"id": 625, "highway": "primary"}, "geometry": {"type": "LineString", "coordinates": [[77.22666666666667, 28.637999999999998], [77.22833333333334, 28.637999999999998]]}}, {"type": "Feature", "properties": {"id": 626, "highway": "primary"}, "geometry": {"type": "LineString", "coordinates": [[77.22833333333334, 28.637999999999998], [77.23, 28.637999999999998]]}}, {"type": "Feature", "properties": {"id": 627, "highway": "primary"}, "geometry": {"type": "LineString", "coordinates": [[77.23, 28.637999999999998], [77.23166666666667, 28.637999999999998]]}}, {"type": "Feature", "properties": {"id": 628, "highway": "primary"}, "geometry": {"type": "LineString", "coordinates": [[77.23166666666667, 28.637999999999998], [77.23333333333333, 28.637999999999998]]}}, {"type": "Feature", "properties": {"id": 629, "highway": "primary"}, "geometry": {"type": "LineString", "coordinates": [[77.23333333333333, 28.637999999999998], [77.235, 28.637999999999998]]}}, {"type": "Feature", "properties": {"id": 630, "highway": "primary"}, "geometry": {"type": "LineString", "coordinates": [[77.235, 28.637999999999998], [77.23666666666666, 28.637999999999998]]}}, {"type": "Feature", "properties": {"id": 631, "highway": "primary"}, "geometry": {"type": "LineString", "coordinates": [[77.23666666666666, 28.637999999999998], [77.23833333333333, 28.637999999999998]]}}, {"type": "Feature", "properties": {"id": 632, "highway": "primary"}, "geometry": {"type": "LineString", "coordinates": [[77.23833333333333, 28.637999999999998], [77.24, 28.637999999999998]]}}, {"type": "Feature", "properties": {"id": 633, "highway": "primary"}, "geometry": {"type": "LineString", "coordinates": [[77.24, 28.637999999999998], [77.24166666666667, 28.637999999999998]]}}, {"type": "Feature", "properties": {"id": 634, "highway": "primary"}, "geometry": {"type": "LineString", "coordinates": [[77.24166666666667, 28.637999999999998], [77.24333333333334, 28.637999999999998]]}}, {"type": "Feature", "properties": {"id": 635, "highway": "primary"}, "geometry": {"type": "LineString", "coordinates": [[77.24333333333334, 28.637999999999998], [77.245, 28.637999999999998]]}}, {"type": "Feature", "properties": {"id": 636, "highway": "primary"}, "geometry": {"type": "LineString", "coordinates": [[77.245, 28.637999999999998], [77.24666666666667, 28.637999999999998]]}}, {"type": "Feature", "properties": {"id": 637, "highway": "primary"}, "geometry": {"type": "LineString", "coordinates": [[77.24666666666667, 28.637999999999998], [77.24833333333333, 28.637999999999998]]}}, {"type": "Feature", "properties": {"id": 638, "highway": "primary"}, "geometry": {"type": "LineString", "coordinates": [[77.2, 28.639333333333333], [77.20166666666667, 28.639333333333333]]}}, {"type": "Feature", "properties": {"id": 639, "highway": "primary"}, "geometry": {"type": "LineString", "coordinates": [[77.20166666666667, 28.639333333333333], [77.20333333333333, 28.639333333333333]]}}, {"type": "Feature", "properties": {"id": 640, "highway": "primary"}, "geometry": {"type": "LineString", "coordinates": [[77.20333333333333, 28.639333333333333], [77.205, 28.639333333333333]]}}, {"type": "Feature", "properties": {"id": 641, "highway": "primary"}, "geometry": {"type": "LineString", "coordinates": [[77.205, 28.639333333333333], [77.20666666666666, 28.639333333333333]]}}, {"type": "Feature", "properties": {"id": 642, "highway": "primary"}, "geometry": {"type": "LineString", "coordinates": [[77.20666666666666, 28.639333333333333], [77.20833333333334, 28.639333333333333]]}}, {"type": "Feature", "properties": {"id": 643, "highway": "primary"}, "geometry": {"type": "LineString", "coordinates": [[77.20833333333334, 28.639333333333333], [77.21000000000001, 28.639333333333333]]}}, {"type": "Feature", "properties": {"id": 644, "highway": "primary"}, "geometry": {"type": "LineString", "coordinates": [[77.21000000000001, 28.639333333333333], [77.21166666666667, 28.639333333333333]]}}, {"type": "Feature", "properties": {"id": 645, "highway": "primary"}, "geometry": {"type": "LineString", "coordinates": [[77.21166666666667, 28.639333333333333], [77.21333333333334, 28.639333333333333]]}}, {"type": "Feature", "properties": {"id": 646, "highway": "primary"}, "geometry": {"type": "LineString", "coordinates": [[77.21333333333334, 28.639333333333333], [77.215, 28.639333333333333]]}}, {"type": "Feature", "properties": {"id": 647, "highway": "primary"}, "geometry": {"type": "LineString", "coordinates": [[77.215, 28.639333333333333], [77.21666666666667, 28.639333333333333]]}}, {"type": "Feature", "properties": {"id": 648, "highway": "primary"}, "geometry": {"type": "LineString", "coordinates": [[77.21666666666667, 28.639333333333333], [77.21833333333333, 28.639333333333333]]}}, {"type": "Feature", "properties": {"id": 649, "highway": "primary"}, "geometry": {"type": "LineString", "coordinates": [[77.21833333333333, 28.639333333333333], [77.22, 28.639333333333333]]}}, {"type": "Feature", "properties": {"id": 650, "highway": "primary"}, "geometry": {"type": "LineString", "coordinates": [[77.22, 28.639333333333333], [77.22166666666666, 28.639333333333333]]}}, {"type": "Feature", "properties": {"id": 651, "highway": "primary"}, "geometry": {"type": "LineString", "coordinates": [[77.22166666666666, 28.639333333333333], [77.22333333333333, 28.639333333333333]]}}, {"type": "Feature", "properties": {"id": 652, "highway": "primary"}, "geometry": {"type": "LineString", "coordinates": [[77.22333333333333, 28.639333333333333], [77.225, 28.639333333333333]]}}, {"type": "Feature", "properties": {"id": 653, "highway": "primary"}, "geometry": {"type": "LineString", "coordinates": [[77.225, 28.639333333333333], [77.22666666666667, 28.639333333333333]]}}, {"type": "Feature", "properties": {"id": 654, "highway": "primary"}, "geometry": {"type": "LineString", "coordinates": [[77.22666666666667, 28.639333333333333], [77.22833333333334, 28.639333333333333]]}}, {"type": "Feature", "properties": {"id": 655, "highway": "primary"}, "geometry": {"type": "LineString", "coordinates": [[77.22833333333334, 28.639333333333333], [77.23, 28.639333333333333]]}}, {"type": "Feature", "properties": {"id": 656, "highway": "primary"}, "geometry": {"type": "LineString", "coordinates": [[77.23, 28.639333333333333], [77.23166666666667, 28.639333333333333]]}}, {"type": "Feature", "properties": {"id": 657, "highway": "primary"}, "geometry": {"type": "LineString", "coordinates": [[77.23166666666667, 28.639333333333333], [77.23333333333333, 28.639333333333333]]}}, {"type": "Feature", "properties": {"id": 658, "highway": "primary"}, "geometry": {"type": "LineString", "coordinates": [[77.23333333333333, 28.639333333333333], [77.235, 28.639333333333333]]}}, {"type": "Feature", "properties": {"id": 659, "highway": "primary"}, "geometry": {"type": "LineString", "coordinates": [[77.235, 28.639333333333333], [77.23666666666666, 28.639333333333333]]}}, {"type": "Feature", "properties": {"id": 660, "highway": "primary"}, "geometry": {"type": "LineString", "coordinates": [[77.23666666666666, 28.639333333333333], [77.23833333333333, 28.639333333333333]]}}, {"type": "Feature", "properties": {"id": 661, "highway": "primary"}, "geometry": {"type": "LineString", "coordinates": [[77.23833333333333, 28.639333333333333], [77.24, 28.639333333333333]]}}, {"type": "Feature", "properties": {"id": 662, "highway": "primary"}, "geometry": {"type": "LineString", "coordinates": [[77.24, 28.639333333333333], [77.24166666666667, 28.639333333333333]]}}, {"type": "Feature", "properties": {"id": 663, "highway": "primary"}, "geometry": {"type": "LineString", "coordinates": [[77.24166666666667, 28.639333333333333], [77.24333333333334, 28.639333333333333]]}}, {"type": "Feature", "properties": {"id": 664, "highway": "primary"}, "geometry": {"type": "LineString", "coordinates": [[77.24333333333334, 28.639333333333333], [77.245, 28.639333333333333]]}}, {"type": "Feature", "properties": {"id": 665, "highway": "primary"}, "geometry": {"type": "LineString", "coordinates": [[77.245, 28.639333333333333], [77.24666666666667, 28.639333333333333]]}}, {"type": "Feature", "properties": {"id": 666, "highway": "primary"}, "geometry": {"type": "LineString", "coordinates": [[77.24666666666667, 28.639333333333333], [77.24833333333333, 28.639333333333333]]}}, {"type": "Feature", "properties": {"id": 667, "highway": "primary"}, "geometry": {"type": "LineString", "coordinates": [[77.2, 28.640666666666664], [77.20166666666667, 28.640666666666664]]}}, {"type": "Feature", "properties": {"id": 668, "highway": "primary"}, "geometry": {"type": "LineString", "coordinates": [[77.20166666666667, 28.640666666666664], [77.20333333333333, 28.640666666666664]]}}, {"type": "Feature", "properties": {"id": 669, "highway": "primary"}, "geometry": {"type": "LineString", "coordinates": [[77.20333333333333, 28.640666666666664], [77.205, 28.640666666666664]]}}, {"type": "Feature", "properties": {"id": 670, "highway": "primary"}, "geometry": {"type": "LineString", "coordinates": [[77.205, 28.640666666666664], [77.20666666666666, 28.640666666666664]]}}, {"type": "Feature", "properties": {"id": 671, "highway": "primary"}, "geometry": {"type": "LineString", "coordinates": [[77.20666666666666, 28.640666666666664], [77.20833333333334, 28.640666666666664]]}}, {"type": "Feature", "properties": {"id": 672, "highway": "primary"}, "geometry": {"type": "LineString", "coordinates": [[77.20833333333334, 28.640666666666664], [77.21000000000001, 28.640666666666664]]}}, {"type": "Feature", "properties": {"id": 673, "highway": "primary"}, "geometry": {"type": "LineString", "coordinates": [[77.21000000000001, 28.640666666666664], [77.21166666666667, 28.640666666666664]]}}, {"type": "Feature", "properties": {"id": 674, "highway": "primary"}, "geometry": {"type": "LineString", "coordinates": [[77.21166666666667, 28.640666666666664], [77.21333333333334, 28.640666666666664]]}}, {"type": "Feature", "properties": {"id": 675, "highway": "primary"}, "geometry": {"type": "LineString", "coordinates": [[77.21333333333334, 28.640666666666664], [77.215, 28.640666666666664]]}}, {"type": "Feature", "properties": {"id": 676, "highway": "primary"}, "geometry": {"type": "LineString", "coordinates": [[77.215, 28.640666666666664], [77.21666666666667, 28.640666666666664]]}}, {"type": "Feature", "properties": {"id": 677, "highway": "primary"}, "geometry": {"type": "LineString", "coordinates": [[77.21666666666667, 28.640666666666664], [77.21833333333333, 28.640666666666664]]}}, {"type": "Feature", "properties": {"id": 678, "highway": "primary"}, "geometry": {"type": "LineString", "coordinates": [[77.21833333333333, 28.640666666666664], [77.22, 28.640666666666664]]}}, {"type": "Feature", "properties": {"id": 679, "highway": "primary"}, "geometry": {"type": "LineString", "coordinates": [[77.22, 28.640666666666664], [77.22166666666666, 28.640666666666664]]}}, {"type": "Feature", "properties": {"id": 680, "highway": "primary"}, "geometry": {"type": "LineString", "coordinates": [[77.22166666666666, 28.640666666666664], [77.22333333333333, 28.640666666666664]]}}, {"type": "Feature", "properties": {"id": 681, "highway": "primary"}, "geometry": {"type": "LineString", "coordinates": [[77.22333333333333, 28.640666666666664], [77.225, 28.640666666666664]]}}, {"type": "Feature", "properties": {"id": 682, "highway": "primary"}, "geometry": {"type": "LineString", "coordinates": [[77.225, 28.640666666666664], [77.22666666666667, 28.640666666666664]]}}, {"type": "Feature", "properties": {"id": 683, "highway": "primary"}, "geometry": {"type": "LineString", "coordinates": [[77.22666666666667, 28.640666666666664], [77.22833333333334, 28.640666666666664]]}}, {"type": "Feature", "properties": {"id": 684, "highway": "primary"}, "geometry": {"type": "LineString", "coordinates": [[77.22833333333334, 28.640666666666664], [77.23, 28.640666666666664]]}}, {"type": "Feature", "properties": {"id": 685, "highway": "primary"}, "geometry": {"type": "LineString", "coordinates": [[77.23, 28.640666666666664], [77.23166666666667, 28.640666666666664]]}}, {"type": "Feature", "properties": {"id": 686, "highway": "primary"}, "geometry": {"type": "LineString", "coordinates": [[77.23166666666667, 28.640666666666664], [77.23333333333333, 28.640666666666664]]}}, {"type": "Feature", "properties": {"id": 687, "highway": "primary"}, "geometry": {"type": "LineString", "coordinates": [[77.23333333333333, 28.640666666666664], [77.235, 28.640666666666664]]}}, {"type": "Feature", "properties": {"id": 688, "highway": "primary"}, "geometry": {"type": "LineString", "coordinates": [[77.235, 28.640666666666664], [77.23666666666666, 28.640666666666664]]}}, {"type": "Feature", "properties": {"id": 689, "highway": "primary"}, "geometry": {"type": "LineString", "coordinates": [[77.23666666666666, 28.640666666666664], [77.23833333333333, 28.640666666666664]]}}, {"type": "Feature", "properties": {"id": 690, "highway": "primary"}, "geometry": {"type": "LineString", "coordinates": [[77.23833333333333, 28.640666666666664], [77.24, 28.640666666666664]]}}, {"type": "Feature", "properties": {"id": 691, "highway": "primary"}, "geometry": {"type": "LineString", "coordinates": [[77.24, 28.640666666666664], [77.24166666666667, 28.640666666666664]]}}, {"type": "Feature", "properties": {"id": 692, "highway": "primary"}, "geometry": {"type": "LineString", "coordinates": [[77.24166666666667, 28.640666666666664], [77.24333333333334, 28.640666666666664]]}}, {"type": "Feature", "properties": {"id": 693, "highway": "primary"}, "geometry": {"type": "LineString", "coordinates": [[77.24333333333334, 28.640666666666664], [77.245, 28.640666666666664]]}}, {"type": "Feature", "properties": {"id": 694, "highway": "primary"}, "geometry": {"type": "LineString", "coordinates": [[77.245, 28.640666666666664], [77.24666666666667, 28.640666666666664]]}}, {"type": "Feature", "properties": {"id": 695, "highway": "primary"}, "geometry": {"type": "LineString", "coordinates": [[77.24666666666667, 28.640666666666664], [77.24833333333333, 28.640666666666664]]}}, {"type": "Feature", "properties": {"id": 696, "highway": "primary"}, "geometry": {"type": "LineString", "coordinates": [[77.2, 28.642], [77.20166666666667, 28.642]]}}, {"type": "Feature", "properties": {"id": 697, "highway": "primary"}, "geometry": {"type": "LineString", "coordinates": [[77.20166666666667, 28.642], [77.20333333333333, 28.642]]}}, {"type": "Feature", "properties": {"id": 698, "highway": "primary"}, "geometry": {"type": "LineString", "coordinates": [[77.20333333333333, 28.642], [77.205, 28.642]]}}, {"type": "Feature", "properties": {"id": 699, "highway": "primary"}, "geometry": {"type": "LineString", "coordinates": [[77.205, 28.642], [77.20666666666666, 28.642]]}}, {"type": "Feature", "properties": {"id": 700, "highway": "primary"}, "geometry": {"type": "LineString", "coordinates": [[77.20666666666666, 28.642], [77.20833333333334, 28.642]]}}, {"type": "Feature", "properties": {"id": 701, "highway": "primary"}, "geometry": {"type": "LineString", "coordinates": [[77.20833333333334, 28.642], [77.21000000000001, 28.642]]}}, {"type": "Feature", "properties": {"id": 702, "highway": "primary"}, "geometry": {"type": "LineString", "coordinates": [[77.21000000000001, 28.642], [77.21166666666667, 28.642]]}}, {"type": "Feature", "properties": {"id": 703, "highway": "primary"}, "geometry": {"type": "LineString", "coordinates": [[77.21166666666667, 28.642], [77.21333333333334, 28.642]]}}, {"type": "Feature", "properties": {"id": 704, "highway": "primary"}, "geometry": {"type": "LineString", "coordinates": [[77.21333333333334, 28.642], [77.215, 28.642]]}}, {"type": "Feature", "properties": {"id": 705, "highway": "primary"}, "geometry": {"type": "LineString", "coordinates": [[77.215, 28.642], [77.21666666666667, 28.642]]}}, {"type": "Feature", "properties": {"id": 706, "highway": "primary"}, "geometry": {"type": "LineString", "coordinates": [[77.21666666666667, 28.642], [77.21833333333333, 28.642]]}}, {"type": "Feature", "properties": {"id": 707, "highway": "primary"}, "geometry": {"type": "LineString", "coordinates": [[77.21833333333333, 28.642], [77.22, 28.642]]}}, {"type": "Feature", "properties": {"id": 708, "highway": "primary"}, "geometry": {"type": "LineString", "coordinates": [[77.22, 28.642], [77.22166666666666, 28.642]]}}, {"type": "Feature", "properties": {"id": 709, "highway": "primary"}, "geometry": {"type": "LineString", "coordinates": [[77.22166666666666, 28.642], [77.22333333333333, 28.642]]}}, {"type": "Feature", "properties": {"id": 710, "highway": "primary"}, "geometry": {"type": "LineString", "coordinates": [[77.22333333333333, 28.642], [77.225, 28.642]]}}, {"type": "Feature", "properties": {"id": 711, "highway": "primary"}, "geometry": {"type": "LineString", "coordinates": [[77.225, 28.642], [77.22666666666667, 28.642]]}}, {"type": "Feature", "properties": {"id": 712, "highway": "primary"}, "geometry": {"type": "LineString", "coordinates": [[77.22666666666667, 28.642], [77.22833333333334, 28.642]]}}, {"type": "Feature", "properties": {"id": 713, "highway": "primary"}, "geometry": {"type": "LineString", "coordinates": [[77.22833333333334, 28.642], [77.23, 28.642]]}}, {"type": "Feature", "properties": {"id": 714, "highway": "primary"}, "geometry": {"type": "LineString", "coordinates": [[77.23, 28.642], [77.23166666666667, 28.642]]}}, {"type": "Feature", "properties": {"id": 715, "highway": "primary"}, "geometry": {"type": "LineString", "coordinates": [[77.23166666666667, 28.642], [77.23333333333333, 28.642]]}}, {"type": "Feature", "properties": {"id": 716, "highway": "primary"}, "geometry": {"type": "LineString", "coordinates": [[77.23333333333333, 28.642], [77.235, 28.642]]}}, {"type": "Feature", "properties": {"id": 717, "highway": "primary"}, "geometry": {"type": "LineString", "coordinates": [[77.235, 28.642], [77.23666666666666, 28.642]]}}, {"type": "Feature", "properties": {"id": 718, "highway": "primary"}, "geometry": {"type": "LineString", "coordinates": [[77.23666666666666, 28.642], [77.23833333333333, 28.642]]}}, {"type": "Feature", "properties": {"id": 719, "highway": "primary"}, "geometry": {"type": "LineString", "coordinates": [[77.23833333333333, 28.642], [77.24, 28.642]]}}, {"type": "Feature", "properties": {"id": 720, "highway": "primary"}, "geometry": {"type": "LineString", "coordinates": [[77.24, 28.642], [77.24166666666667, 28.642]]}}, {"type": "Feature", "properties": {"id": 721, "highway": "primary"}, "geometry": {"type": "LineString", "coordinates": [[77.24166666666667, 28.642], [77.24333333333334, 28.642]]}}, {"type": "Feature", "properties": {"id": 722, "highway": "primary"}, "geometry": {"type": "LineString", "coordinates": [[77.24333333333334, 28.642], [77.245, 28.642]]}}, {"type": "Feature", "properties": {"id": 723, "highway": "primary"}, "geometry": {"type": "LineString", "coordinates": [[77.245, 28.642], [77.24666666666667, 28.642]]}}, {"type": "Feature", "properties": {"id": 724, "highway": "primary"}, "geometry": {"type": "LineString", "coordinates": [[77.24666666666667, 28.642], [77.24833333333333, 28.642]]}}, {"type": "Feature", "properties": {"id": 725, "highway": "primary"}, "geometry": {"type": "LineString", "coordinates": [[77.2, 28.64333333333333], [77.20166666666667, 28.64333333333333]]}}, {"type": "Feature", "properties": {"id": 726, "highway": "primary"}, "geometry": {"type": "LineString", "coordinates": [[77.20166666666667, 28.64333333333333], [77.20333333333333, 28.64333333333333]]}}, {"type": "Feature", "properties": {"id": 727, "highway": "primary"}, "geometry": {"type": "LineString", "coordinates": [[77.20333333333333, 28.64333333333333], [77.205, 28.64333333333333]]}}, {"type": "Feature", "properties": {"id": 728, "highway": "primary"}, "geometry": {"type": "LineString", "coordinates": [[77.205, 28.64333333333333], [77.20666666666666, 28.64333333333333]]}}, {"type": "Feature", "properties": {"id": 729, "highway": "primary"}, "geometry": {"type": "LineString", "coordinates": [[77.20666666666666, 28.64333333333333], [77.20833333333334, 28.64333333333333]]}}, {"type": "Feature", "properties": {"id": 730, "highway": "primary"}, "geometry": {"type": "LineString", "coordinates": [[77.20833333333334, 28.64333333333333], [77.21000000000001, 28.64333333333333]]}}, {"type": "Feature", "properties": {"id": 731, "highway": "primary"}, "geometry": {"type": "LineString", "coordinates": [[77.21000000000001, 28.64333333333333], [77.21166666666667, 28.64333333333333]]}}, {"type": "Feature", "properties": {"id": 732, "highway": "primary"}, "geometry": {"type": "LineString", "coordinates": [[77.21166666666667, 28.64333333333333], [77.21333333333334, 28.64333333333333]]}}, {"type": "Feature", "properties": {"id": 733, "highway": "primary"}, "geometry": {"type": "LineString", "coordinates": [[77.21333333333334, 28.64333333333333], [77.215, 28.64333333333333]]}}, {"type": "Feature", "properties": {"id": 734, "highway": "primary"}, "geometry": {"type": "LineString", "coordinates": [[77.215, 28.64333333333333], [77.21666666666667, 28.64333333333333]]}}, {"type": "Feature", "properties": {"id": 735, "highway": "primary"}, "geometry": {"type": "LineString", "coordinates": [[77.21666666666667, 28.64333333333333], [77.21833333333333, 28.64333333333333]]}}, {"type": "Feature", "properties": {"id": 736, "highway": "primary"}, "geometry": {"type": "LineString", "coordinates": [[77.21833333333333, 28.64333333333333], [77.22, 28.64333333333333]]}}, {"type": "Feature", "properties": {"id": 737, "highway": "primary"}, "geometry": {"type": "LineString", "coordinates": [[77.22, 28.64333333333333], [77.22166666666666, 28.64333333333333]]}}, {"type": "Feature", "properties": {"id": 738, "highway": "primary"}, "geometry": {"type": "LineString", "coordinates": [[77.22166666666666, 28.64333333333333], [77.22333333333333, 28.64333333333333]]}}, {"type": "Feature", "properties": {"id": 739, "highway": "primary"}, "geometry": {"type": "LineString", "coordinates": [[77.22333333333333, 28.64333333333333], [77.225, 28.64333333333333]]}}, {"type": "Feature", "properties": {"id": 740, "highway": "primary"}, "geometry": {"type": "LineString", "coordinates": [[77.225, 28.64333333333333], [77.22666666666667, 28.64333333333333]]}}, {"type": "Feature", "properties": {"id": 741, "highway": "primary"}, "geometry": {"type": "LineString", "coordinates": [[77.22666666666667, 28.64333333333333], [77.22833333333334, 28.64333333333333]]}}, {"type": "Feature", "properties": {"id": 742, "highway": "primary"}, "geometry": {"type": "LineString", "coordinates": [[77.22833333333334, 28.64333333333333], [77.23, 28.64333333333333]]}}, {"type": "Feature", "properties": {"id": 743, "highway": "primary"}, "geometry": {"type": "LineString", "coordinates": [[77.23, 28.64333333333333], [77.23166666666667, 28.64333333333333]]}}, {"type": "Feature", "properties": {"id": 744, "highway": "primary"}, "geometry": {"type": "LineString", "coordinates": [[77.23166666666667, 28.64333333333333], [77.23333333333333, 28.64333333333333]]}}, {"type": "Feature", "properties": {"id": 745, "highway": "primary"}, "geometry": {"type": "LineString", "coordinates": [[77.23333333333333, 28.64333333333333], [77.235, 28.64333333333333]]}}, {"type": "Feature", "properties": {"id": 746, "highway": "primary"}, "geometry": {"type": "LineString", "coordinates": [[77.235, 28.64333333333333], [77.23666666666666, 28.64333333333333]]}}, {"type": "Feature", "properties": {"id": 747, "highway": "primary"}, "geometry": {"type": "LineString", "coordinates": [[77.23666666666666, 28.64333333333333], [77.23833333333333, 28.64333333333333]]}}, {"type": "Feature", "properties": {"id": 748, "highway": "primary"}, "geometry": {"type": "LineString", "coordinates": [[77.23833333333333, 28.64333333333333], [77.24, 28.64333333333333]]}}, {"type": "Feature", "properties": {"id": 749, "highway": "primary"}, "geometry": {"type": "LineString", "coordinates": [[77.24, 28.64333333333333], [77.24166666666667, 28.64333333333333]]}}, {"type": "Feature", "properties": {"id": 750, "highway": "primary"}, "geometry": {"type": "LineString", "coordinates": [[77.24166666666667, 28.64333333333333], [77.24333333333334, 28.64333333333333]]}}, {"type": "Feature", "properties": {"id": 751, "highway": "primary"}, "geometry": {"type": "LineString", "coordinates": [[77.24333333333334, 28.64333333333333], [77.245, 28.64333333333333]]}}, {"type": "Feature", "properties": {"id": 752, "highway": "primary"}, "geometry": {"type": "LineString", "coordinates": [[77.245, 28.64333333333333], [77.24666666666667, 28.64333333333333]]}}, {"type": "Feature", "properties": {"id": 753, "highway": "primary"}, "geometry": {"type": "LineString", "coordinates": [[77.24666666666667, 28.64333333333333], [77.24833333333333, 28.64333333333333]]}}, {"type": "Feature", "properties": {"id": 754, "highway": "primary"}, "geometry": {"type": "LineString", "coordinates": [[77.2, 28.644666666666666], [77.20166666666667, 28.644666666666666]]}}, {"type": "Feature", "properties": {"id": 755, "highway": "primary"}, "geometry": {"type": "LineString", "coordinates": [[77.20166666666667, 28.644666666666666], [77.20333333333333, 28.644666666666666]]}}, {"type": "Feature", "properties": {"id": 756, "highway": "primary"}, "geometry": {"type": "LineString", "coordinates": [[77.20333333333333, 28.644666666666666], [77.205, 28.644666666666666]]}}, {"type": "Feature", "properties": {"id": 757, "highway": "primary"}, "geometry": {"type": "LineString", "coordinates": [[77.205, 28.644666666666666], [77.20666666666666, 28.644666666666666]]}}, {"type": "Feature", "properties": {"id": 758, "highway": "primary"}, "geometry": {"type": "LineString", "coordinates": [[77.20666666666666, 28.644666666666666], [77.20833333333334, 28.644666666666666]]}}, {"type": "Feature", "properties": {"id": 759, "highway": "primary"}, "geometry": {"type": "LineString", "coordinates": [[77.20833333333334, 28.644666666666666], [77.21000000000001, 28.644666666666666]]}}, {"type": "Feature", "properties": {"id": 760, "highway": "primary"}, "geometry": {"type": "LineString", "coordinates": [[77.21000000000001, 28.644666666666666], [77.21166666666667, 28.644666666666666]]}}, {"type": "Feature", "properties": {"id": 761, "highway": "primary"}, "geometry": {"type": "LineString", "coordinates": [[77.21166666666667, 28.644666666666666], [77.21333333333334, 28.644666666666666]]}}, {"type": "Feature", "properties": {"id": 762, "highway": "primary"}, "geometry": {"type": "LineString", "coordinates": [[77.21333333333334, 28.644666666666666], [77.215, 28.644666666666666]]}}, {"type": "Feature", "properties": {"id": 763, "highway": "primary"}, "geometry": {"type": "LineString", "coordinates": [[77.215, 28.644666666666666], [77.21666666666667, 28.644666666666666]]}}, {"type": "Feature", "properties": {"id": 764, "highway": "primary"}, "geometry": {"type": "LineString", "coordinates": [[77.21666666666667, 28.644666666666666], [77.21833333333333, 28.644666666666666]]}}, {"type": "Feature", "properties": {"id": 765, "highway": "primary"}, "geometry": {"type": "LineString", "coordinates": [[77.21833333333333, 28.644666666666666], [77.22, 28.644666666666666]]}}, {"type": "Feature", "properties": {"id": 766, "highway": "primary"}, "geometry": {"type": "LineString", "coordinates": [[77.22, 28.644666666666666], [77.22166666666666, 28.644666666666666]]}}, {"type": "Feature", "properties": {"id": 767, "highway": "primary"}, "geometry": {"type": "LineString", "coordinates": [[77.22166666666666, 28.644666666666666], [77.22333333333333, 28.644666666666666]]}}, {"type": "Feature", "properties": {"id": 768, "highway": "primary"}, "geometry": {"type": "LineString", "coordinates": [[77.22333333333333, 28.644666666666666], [77.225, 28.644666666666666]]}}, {"type": "Feature", "properties": {"id": 769, "highway": "primary"}, "geometry": {"type": "LineString", "coordinates": [[77.225, 28.644666666666666], [77.22666666666667, 28.644666666666666]]}}, {"type": "Feature", "properties": {"id": 770, "highway": "primary"}, "geometry": {"type": "LineString", "coordinates": [[77.22666666666667, 28.644666666666666], [77.22833333333334, 28.644666666666666]]}}, {"type": "Feature", "properties": {"id": 771, "highway": "primary"}, "geometry": {"type": "LineString", "coordinates": [[77.22833333333334, 28.644666666666666], [77.23, 28.644666666666666]]}}, {"type": "Feature", "properties": {"id": 772, "highway": "primary"}, "geometry": {"type": "LineString", "coordinates": [[77.23, 28.644666666666666], [77.23166666666667, 28.644666666666666]]}}, {"type": "Feature", "properties": {"id": 773, "highway": "primary"}, "geometry": {"type": "LineString", "coordinates": [[77.23166666666667, 28.644666666666666], [77.23333333333333, 28.644666666666666]]}}, {"type": "Feature", "properties": {"id": 774, "highway": "primary"}, "geometry": {"type": "LineString", "coordinates": [[77.23333333333333, 28.644666666666666], [77.235, 28.644666666666666]]}}, {"type": "Feature", "properties": {"id": 775, "highway": "primary"}, "geometry": {"type": "LineString", "coordinates": [[77.235, 28.644666666666666], [77.23666666666666, 28.644666666666666]]}}, {"type": "Feature", "properties": {"id": 776, "highway": "primary"}, "geometry": {"type": "LineString", "coordinates": [[77.23666666666666, 28.644666666666666], [77.23833333333333, 28.644666666666666]]}}, {"type": "Feature", "properties": {"id": 777, "highway": "primary"}, "geometry": {"type": "LineString", "coordinates": [[77.23833333333333, 28.644666666666666], [77.24, 28.644666666666666]]}}, {"type": "Feature", "properties": {"id": 778, "highway": "primary"}, "geometry": {"type": "LineString", "coordinates": [[77.24, 28.644666666666666], [77.24166666666667, 28.644666666666666]]}}, {"type": "Feature", "properties": {"id": 779, "highway": "primary"}, "geometry": {"type": "LineString", "coordinates": [[77.24166666666667, 28.644666666666666], [77.24333333333334, 28.644666666666666]]}}, {"type": "Feature", "properties": {"id": 780, "highway": "primary"}, "geometry": {"type": "LineString", "coordinates": [[77.24333333333334, 28.644666666666666], [77.245, 28.644666666666666]]}}, {"type": "Feature", "properties": {"id": 781, "highway": "primary"}, "geometry": {"type": "LineString", "coordinates": [[77.245, 28.644666666666666], [77.24666666666667, 28.644666666666666]]}}, {"type": "Feature", "properties": {"id": 782, "highway": "primary"}, "geometry": {"type": "LineString", "coordinates": [[77.24666666666667, 28.644666666666666], [77.24833333333333, 28.644666666666666]]}}, {"type": "Feature", "properties": {"id": 783, "highway": "primary"}, "geometry": {"type": "LineString", "coordinates": [[77.2, 28.645999999999997], [77.20166666666667, 28.645999999999997]]}}, {"type": "Feature", "properties": {"id": 784, "highway": "primary"}, "geometry": {"type": "LineString", "coordinates": [[77.20166666666667, 28.645999999999997], [77.20333333333333, 28.645999999999997]]}}, {"type": "Feature", "properties": {"id": 785, "highway": "primary"}, "geometry": {"type": "LineString", "coordinates": [[77.20333333333333, 28.645999999999997], [77.205, 28.645999999999997]]}}, {"type": "Feature", "properties": {"id": 786, "highway": "primary"}, "geometry": {"type": "LineString", "coordinates": [[77.205, 28.645999999999997], [77.20666666666666, 28.645999999999997]]}}, {"type": "Feature", "properties": {"id": 787, "highway": "primary"}, "geometry": {"type": "LineString", "coordinates": [[77.20666666666666, 28.645999999999997], [77.20833333333334, 28.645999999999997]]}}, {"type": "Feature", "properties": {"id": 788, "highway": "primary"}, "geometry": {"type": "LineString", "coordinates": [[77.20833333333334, 28.645999999999997], [77.21000000000001, 28.645999999999997]]}}, {"type": "Feature", "properties": {"id": 789, "highway": "primary"}, "geometry": {"type": "LineString", "coordinates": [[77.21000000000001, 28.645999999999997], [77.21166666666667, 28.645999999999997]]}}, {"type": "Feature", "properties": {"id": 790, "highway": "primary"}, "geometry": {"type": "LineString", "coordinates": [[77.21166666666667, 28.645999999999997], [77.21333333333334, 28.645999999999997]]}}, {"type": "Feature", "properties": {"id": 791, "highway": "primary"}, "geometry": {"type": "LineString", "coordinates": [[77.21333333333334, 28.645999999999997], [77.215, 28.645999999999997]]}}, {"type": "Feature", "properties": {"id": 792, "highway": "primary"}, "geometry": {"type": "LineString", "coordinates": [[77.215, 28.645999999999997], [77.21666666666667, 28.645999999999997]]}}, {"type": "Feature", "properties": {"id": 793, "highway": "primary"}, "geometry": {"type": "LineString", "coordinates": [[77.21666666666667, 28.645999999999997], [77.21833333333333, 28.645999999999997]]}}, {"type": "Feature", "properties": {"id": 794, "highway": "primary"}, "geometry": {"type": "LineString", "coordinates": [[77.21833333333333, 28.645999999999997], [77.22, 28.645999999999997]]}}, {"type": "Feature", "properties": {"id": 795, "highway": "primary"}, "geometry": {"type": "LineString", "coordinates": [[77.22, 28.645999999999997], [77.22166666666666, 28.645999999999997]]}}, {"type": "Feature", "properties": {"id": 796, "highway": "primary"}, "geometry": {"type": "LineString", "coordinates": [[77.22166666666666, 28.645999999999997], [77.22333333333333, 28.645999999999997]]}}, {"type": "Feature", "properties": {"id": 797, "highway": "primary"}, "geometry": {"type": "LineString", "coordinates": [[77.22333333333333, 28.645999999999997], [77.225, 28.645999999999997]]}}, {"type": "Feature", "properties": {"id": 798, "highway": "primary"}, "geometry": {"type": "LineString", "coordinates": [[77.225, 28.645999999999997], [77.22666666666667, 28.645999999999997]]}}, {"type": "Feature", "properties": {"id": 799, "highway": "primary"}, "geometry": {"type": "LineString", "coordinates": [[77.22666666666667, 28.645999999999997], [77.22833333333334, 28.645999999999997]]}}, {"type": "Feature", "properties": {"id": 800, "highway": "primary"}, "geometry": {"type": "LineString", "coordinates": [[77.22833333333334, 28.645999999999997], [77.23, 28.645999999999997]]}}, {"type": "Feature", "properties": {"id": 801, "highway": "primary"}, "geometry": {"type": "LineString", "coordinates": [[77.23, 28.645999999999997], [77.23166666666667, 28.645999999999997]]}}, {"type": "Feature", "properties": {"id": 802, "highway": "primary"}, "geometry": {"type": "LineString", "coordinates": [[77.23166666666667, 28.645999999999997], [77.23333333333333, 28.645999999999997]]}}, {"type": "Feature", "properties": {"id": 803, "highway": "primary"}, "geometry": {"type": "LineString", "coordinates": [[77.23333333333333, 28.645999999999997], [77.235, 28.645999999999997]]}}, {"type": "Feature", "properties": {"id": 804, "highway": "primary"}, "geometry": {"type": "LineString", "coordinates": [[77.235, 28.645999999999997], [77.23666666666666, 28.645999999999997]]}}, {"type": "Feature", "properties": {"id": 805, "highway": "primary"}, "geometry": {"type": "LineString", "coordinates": [[77.23666666666666, 28.645999999999997], [77.23833333333333, 28.645999999999997]]}}, {"type": "Feature", "properties": {"id": 806, "highway": "primary"}, "geometry": {"type": "LineString", "coordinates": [[77.23833333333333, 28.645999999999997], [77.24, 28.645999999999997]]}}, {"type": "Feature", "properties": {"id": 807, "highway": "primary"}, "geometry": {"type": "LineString", "coordinates": [[77.24, 28.645999999999997], [77.24166666666667, 28.645999999999997]]}}, {"type": "Feature", "properties": {"id": 808, "highway": "primary"}, "geometry": {"type": "LineString", "coordinates": [[77.24166666666667, 28.645999999999997], [77.24333333333334, 28.645999999999997]]}}, {"type": "Feature", "properties": {"id": 809, "highway": "primary"}, "geometry": {"type": "LineString", "coordinates": [[77.24333333333334, 28.645999999999997], [77.245, 28.645999999999997]]}}, {"type": "Feature", "properties": {"id": 810, "highway": "primary"}, "geometry": {"type": "LineString", "coordinates": [[77.245, 28.645999999999997], [77.24666666666667, 28.645999999999997]]}}, {"type": "Feature", "properties": {"id": 811, "highway": "primary"}, "geometry": {"type": "LineString", "coordinates": [[77.24666666666667, 28.645999999999997], [77.24833333333333, 28.645999999999997]]}}, {"type": "Feature", "properties": {"id": 812, "highway": "primary"}, "geometry": {"type": "LineString", "coordinates": [[77.2, 28.647333333333332], [77.20166666666667, 28.647333333333332]]}}, {"type": "Feature", "properties": {"id": 813, "highway": "primary"}, "geometry": {"type": "LineString", "coordinates": [[77.20166666666667, 28.647333333333332], [77.20333333333333, 28.647333333333332]]}}, {"type": "Feature", "properties": {"id": 814, "highway": "primary"}, "geometry": {"type": "LineString", "coordinates": [[77.20333333333333, 28.647333333333332], [77.205, 28.647333333333332]]}}, {"type": "Feature", "properties": {"id": 815, "highway": "primary"}, "geometry": {"type": "LineString", "coordinates": [[77.205, 28.647333333333332], [77.20666666666666, 28.647333333333332]]}}, {"type": "Feature", "properties": {"id": 816, "highway": "primary"}, "geometry": {"type": "LineString", "coordinates": [[77.20666666666666, 28.647333333333332], [77.20833333333334, 28.647333333333332]]}}, {"type": "Feature", "properties": {"id": 817, "highway": "primary"}, "geometry": {"type": "LineString", "coordinates": [[77.20833333333334, 28.647333333333332], [77.21000000000001, 28.647333333333332]]}}, {"type": "Feature", "properties": {"id": 818, "highway": "primary"}, "geometry": {"type": "LineString", "coordinates": [[77.21000000000001, 28.647333333333332], [77.21166666666667, 28.647333333333332]]}}, {"type": "Feature", "properties": {"id": 819, "highway": "primary"}, "geometry": {"type": "LineString", "coordinates": [[77.21166666666667, 28.647333333333332], [77.21333333333334, 28.647333333333332]]}}, {"type": "Feature", "properties": {"id": 820, "highway": "primary"}, "geometry": {"type": "LineString", "coordinates": [[77.21333333333334, 28.647333333333332], [77.215, 28.647333333333332]]}}, {"type": "Feature", "properties": {"id": 821, "highway": "primary"}, "geometry": {"type": "LineString", "coordinates": [[77.215, 28.647333333333332], [77.21666666666667, 28.647333333333332]]}}, {"type": "Feature", "properties": {"id": 822, "highway": "primary"}, "geometry": {"type": "LineString", "coordinates": [[77.21666666666667, 28.647333333333332], [77.21833333333333, 28.647333333333332]]}}, {"type": "Feature", "properties": {"id": 823, "highway": "primary"}, "geometry": {"type": "LineString", "coordinates": [[77.21833333333333, 28.647333333333332], [77.22, 28.647333333333332]]}}, {"type": "Feature", "properties": {"id": 824, "highway": "primary"}, "geometry": {"type": "LineString", "coordinates": [[77.22, 28.647333333333332], [77.22166666666666, 28.647333333333332]]}}, {"type": "Feature", "properties": {"id": 825, "highway": "primary"}, "geometry": {"type": "LineString", "coordinates": [[77.22166666666666, 28.647333333333332], [77.22333333333333, 28.647333333333332]]}}, {"type": "Feature", "properties": {"id": 826, "highway": "primary"}, "geometry": {"type": "LineString", "coordinates": [[77.22333333333333, 28.647333333333332], [77.225, 28.647333333333332]]}}, {"type": "Feature", "properties": {"id": 827, "highway": "primary"}, "geometry": {"type": "LineString", "coordinates": [[77.225, 28.647333333333332], [77.22666666666667, 28.647333333333332]]}}, {"type": "Feature", "properties": {"id": 828, "highway": "primary"}, "geometry": {"type": "LineString", "coordinates": [[77.22666666666667, 28.647333333333332], [77.22833333333334, 28.647333333333332]]}}, {"type": "Feature", "properties": {"id": 829, "highway": "primary"}, "geometry": {"type": "LineString", "coordinates": [[77.22833333333334, 28.647333333333332], [77.23, 28.647333333333332]]}}, {"type": "Feature", "properties": {"id": 830, "highway": "primary"}, "geometry": {"type": "LineString", "coordinates": [[77.23, 28.647333333333332], [77.23166666666667, 28.647333333333332]]}}, {"type": "Feature", "properties": {"id": 831, "highway": "primary"}, "geometry": {"type": "LineString", "coordinates": [[77.23166666666667, 28.647333333333332], [77.23333333333333, 28.647333333333332]]}}, {"type": "Feature", "properties": {"id": 832, "highway": "primary"}, "geometry": {"type": "LineString", "coordinates": [[77.23333333333333, 28.647333333333332], [77.235, 28.647333333333332]]}}, {"type": "Feature", "properties": {"id": 833, "highway": "primary"}, "geometry": {"type": "LineString", "coordinates": [[77.235, 28.647333333333332], [77.23666666666666, 28.647333333333332]]}}, {"type": "Feature", "properties": {"id": 834, "highway": "primary"}, "geometry": {"type": "LineString", "coordinates": [[77.23666666666666, 28.647333333333332], [77.23833333333333, 28.647333333333332]]}}, {"type": "Feature", "properties": {"id": 835, "highway": "primary"}, "geometry": {"type": "LineString", "coordinates": [[77.23833333333333, 28.647333333333332], [77.24, 28.647333333333332]]}}, {"type": "Feature", "properties": {"id": 836, "highway": "primary"}, "geometry": {"type": "LineString", "coordinates": [[77.24, 28.647333333333332], [77.24166666666667, 28.647333333333332]]}}, {"type": "Feature", "properties": {"id": 837, "highway": "primary"}, "geometry": {"type": "LineString", "coordinates": [[77.24166666666667, 28.647333333333332], [77.24333333333334, 28.647333333333332]]}}, {"type": "Feature", "properties": {"id": 838, "highway": "primary"}, "geometry": {"type": "LineString", "coordinates": [[77.24333333333334, 28.647333333333332], [77.245, 28.647333333333332]]}}, {"type": "Feature", "properties": {"id": 839, "highway": "primary"}, "geometry": {"type": "LineString", "coordinates": [[77.245, 28.647333333333332], [77.24666666666667, 28.647333333333332]]}}, {"type": "Feature", "properties": {"id": 840, "highway": "primary"}, "geometry": {"type": "LineString", "coordinates": [[77.24666666666667, 28.647333333333332], [77.24833333333333, 28.647333333333332]]}}, {"type": "Feature", "properties": {"id": 841, "highway": "primary"}, "geometry": {"type": "LineString", "coordinates": [[77.2, 28.648666666666664], [77.20166666666667, 28.648666666666664]]}}, {"type": "Feature", "properties": {"id": 842, "highway": "primary"}, "geometry": {"type": "LineString", "coordinates": [[77.20166666666667, 28.648666666666664], [77.20333333333333, 28.648666666666664]]}}, {"type": "Feature", "properties": {"id": 843, "highway": "primary"}, "geometry": {"type": "LineString", "coordinates": [[77.20333333333333, 28.648666666666664], [77.205, 28.648666666666664]]}}, {"type": "Feature", "properties": {"id": 844, "highway": "primary"}, "geometry": {"type": "LineString", "coordinates": [[77.205, 28.648666666666664], [77.20666666666666, 28.648666666666664]]}}, {"type": "Feature", "properties": {"id": 845, "highway": "primary"}, "geometry": {"type": "LineString", "coordinates": [[77.20666666666666, 28.648666666666664], [77.20833333333334, 28.648666666666664]]}}, {"type": "Feature", "properties": {"id": 846, "highway": "primary"}, "geometry": {"type": "LineString", "coordinates": [[77.20833333333334, 28.648666666666664], [77.21000000000001, 28.648666666666664]]}}, {"type": "Feature", "properties": {"id": 847, "highway": "primary"}, "geometry": {"type": "LineString", "coordinates": [[77.21000000000001, 28.648666666666664], [77.21166666666667, 28.648666666666664]]}}, {"type": "Feature", "properties": {"id": 848, "highway": "primary"}, "geometry": {"type": "LineString", "coordinates": [[77.21166666666667, 28.648666666666664], [77.21333333333334, 28.648666666666664]]}}, {"type": "Feature", "properties": {"id": 849, "highway": "primary"}, "geometry": {"type": "LineString", "coordinates": [[77.21333333333334, 28.648666666666664], [77.215, 28.648666666666664]]}}, {"type": "Feature", "properties": {"id": 850, "highway": "primary"}, "geometry": {"type": "LineString", "coordinates": [[77.215, 28.648666666666664], [77.21666666666667, 28.648666666666664]]}}, {"type": "Feature", "properties": {"id": 851, "highway": "primary"}, "geometry": {"type": "LineString", "coordinates": [[77.21666666666667, 28.648666666666664], [77.21833333333333, 28.648666666666664]]}}, {"type": "Feature", "properties": {"id": 852, "highway": "primary"}, "geometry": {"type": "LineString", "coordinates": [[77.21833333333333, 28.648666666666664], [77.22, 28.648666666666664]]}}, {"type": "Feature", "properties": {"id": 853, "highway": "primary"}, "geometry": {"type": "LineString", "coordinates": [[77.22, 28.648666666666664], [77.22166666666666, 28.648666666666664]]}}, {"type": "Feature", "properties": {"id": 854, "highway": "primary"}, "geometry": {"type": "LineString", "coordinates": [[77.22166666666666, 28.648666666666664], [77.22333333333333, 28.648666666666664]]}}, {"type": "Feature", "properties": {"id": 855, "highway": "primary"}, "geometry": {"type": "LineString", "coordinates": [[77.22333333333333, 28.648666666666664], [77.225, 28.648666666666664]]}}, {"type": "Feature", "properties": {"id": 856, "highway": "primary"}, "geometry": {"type": "LineString", "coordinates": [[77.225, 28.648666666666664], [77.22666666666667, 28.648666666666664]]}}, {"type": "Feature", "properties": {"id": 857, "highway": "primary"}, "geometry": {"type": "LineString", "coordinates": [[77.22666666666667, 28.648666666666664], [77.22833333333334, 28.648666666666664]]}}, {"type": "Feature", "properties": {"id": 858, "highway": "primary"}, "geometry": {"type": "LineString", "coordinates": [[77.22833333333334, 28.648666666666664], [77.23, 28.648666666666664]]}}, {"type": "Feature", "properties": {"id": 859, "highway": "primary"}, "geometry": {"type": "LineString", "coordinates": [[77.23, 28.648666666666664], [77.23166666666667, 28.648666666666664]]}}, {"type": "Feature", "properties": {"id": 860, "highway": "primary"}, "geometry": {"type": "LineString", "coordinates": [[77.23166666666667, 28.648666666666664], [77.23333333333333, 28.648666666666664]]}}, {"type": "Feature", "properties": {"id": 861, "highway": "primary"}, "geometry": {"type": "LineString", "coordinates": [[77.23333333333333, 28.648666666666664], [77.235, 28.648666666666664]]}}, {"type": "Feature", "properties": {"id": 862, "highway": "primary"}, "geometry": {"type": "LineString", "coordinates": [[77.235, 28.648666666666664], [77.23666666666666, 28.648666666666664]]}}, {"type": "Feature", "properties": {"id": 863, "highway": "primary"}, "geometry": {"type": "LineString", "coordinates": [[77.23666666666666, 28.648666666666664], [77.23833333333333, 28.648666666666664]]}}, {"type": "Feature", "properties": {"id": 864, "highway": "primary"}, "geometry": {"type": "LineString", "coordinates": [[77.23833333333333, 28.648666666666664], [77.24, 28.648666666666664]]}}, {"type": "Feature", "properties": {"id": 865, "highway": "primary"}, "geometry": {"type": "LineString", "coordinates": [[77.24, 28.648666666666664], [77.24166666666667, 28.648666666666664]]}}, {"type": "Feature", "properties": {"id": 866, "highway": "primary"}, "geometry": {"type": "LineString", "coordinates": [[77.24166666666667, 28.648666666666664], [77.24333333333334, 28.648666666666664]]}}, {"type": "Feature", "properties": {"id": 867, "highway": "primary"}, "geometry": {"type": "LineString", "coordinates": [[77.24333333333334, 28.648666666666664], [77.245, 28.648666666666664]]}}, {"type": "Feature", "properties": {"id": 868, "highway": "primary"}, "geometry": {"type": "LineString", "coordinates": [[77.245, 28.648666666666664], [77.24666666666667, 28.648666666666664]]}}, {"type": "Feature", "properties": {"id": 869, "highway": "primary"}, "geometry": {"type": "LineString", "coordinates": [[77.24666666666667, 28.648666666666664], [77.24833333333333, 28.648666666666664]]}}, {"type": "Feature", "properties": {"id": 870, "highway": "primary"}, "geometry": {"type": "LineString", "coordinates": [[77.2, 28.61], [77.2, 28.611333333333334]]}}, {"type": "Feature", "properties": {"id": 871, "highway": "primary"}, "geometry": {"type": "LineString", "coordinates": [[77.2, 28.611333333333334], [77.2, 28.612666666666666]]}}, {"type": "Feature", "properties": {"id": 872, "highway": "primary"}, "geometry": {"type": "LineString", "coordinates": [[77.2, 28.612666666666666], [77.2, 28.614]]}}, {"type": "Feature", "properties": {"id": 873, "highway": "primary"}, "geometry": {"type": "LineString", "coordinates": [[77.2, 28.614], [77.2, 28.615333333333332]]}}, {"type": "Feature", "properties": {"id": 874, "highway": "primary"}, "geometry": {"type": "LineString", "coordinates": [[77.2, 28.615333333333332], [77.2, 28.616666666666667]]}}, {"type": "Feature", "properties": {"id": 875, "highway": "primary"}, "geometry": {"type": "LineString", "coordinates": [[77.2, 28.616666666666667], [77.2, 28.618]]}}, {"type": "Feature", "properties": {"id": 876, "highway": "primary"}, "geometry": {"type": "LineString", "coordinates": [[77.2, 28.618], [77.2, 28.619333333333334]]}}, {"type": "Feature", "properties": {"id": 877, "highway": "primary"}, "geometry": {"type": "LineString", "coordinates": [[77.2, 28.619333333333334], [77.2, 28.620666666666665]]}}, {"type": "Feature", "properties": {"id": 878, "highway": "primary"}, "geometry": {"type": "LineString", "coordinates": [[77.2, 28.620666666666665], [77.2, 28.622]]}}, {"type": "Feature", "properties": {"id": 879, "highway": "primary"}, "geometry": {"type": "LineString", "coordinates": [[77.2, 28.622], [77.2, 28.62333333333333]]}}, {"type": "Feature", "properties": {"id": 880, "highway": "primary"}, "geometry": {"type": "LineString", "coordinates": [[77.2, 28.62333333333333], [77.2, 28.624666666666666]]}}, {"type": "Feature", "properties": {"id": 881, "highway": "primary"}, "geometry": {"type": "LineString", "coordinates": [[77.2, 28.624666666666666], [77.2, 28.625999999999998]]}}, {"type": "Feature", "properties": {"id": 882, "highway": "primary"}, "geometry": {"type": "LineString", "coordinates": [[77.2, 28.625999999999998], [77.2, 28.627333333333333]]}}, {"type": "Feature", "properties": {"id": 883, "highway": "primary"}, "geometry": {"type": "LineString", "coordinates": [[77.2, 28.627333333333333], [77.2, 28.628666666666664]]}}, {"type": "Feature", "properties": {"id": 884, "highway": "primary"}, "geometry": {"type": "LineString", "coordinates": [[77.2, 28.628666666666664], [77.2, 28.63]]}}, {"type": "Feature", "properties": {"id": 885, "highway": "primary"}, "geometry": {"type": "LineString", "coordinates": [[77.2, 28.63], [77.2, 28.631333333333334]]}}, {"type": "Feature", "properties": {"id": 886, "highway": "primary"}, "geometry": {"type": "LineString", "coordinates": [[77.2, 28.631333333333334], [77.2, 28.632666666666665]]}}, {"type": "Feature", "properties": {"id": 887, "highway": "primary"}, "geometry": {"type": "LineString", "coordinates": [[77.2, 28.632666666666665], [77.2, 28.634]]}}, {"type": "Feature", "properties": {"id": 888, "highway": "primary"}, "geometry": {"type": "LineString", "coordinates": [[77.2, 28.634], [77.2, 28.63533333333333]]}}, {"type": "Feature", "properties": {"id": 889, "highway": "primary"}, "geometry": {"type": "LineString", "coordinates": [[77.2, 28.63533333333333], [77.2, 28.636666666666667]]}}, {"type": "Feature", "properties": {"id": 890, "highway": "primary"}, "geometry": {"type": "LineString", "coordinates": [[77.2, 28.636666666666667], [77.2, 28.637999999999998]]}}, {"type": "Feature", "properties": {"id": 891, "highway": "primary"}, "geometry": {"type": "LineString", "coordinates": [[77.2, 28.637999999999998], [77.2, 28.639333333333333]]}}, {"type": "Feature", "properties": {"id": 892, "highway": "primary"}, "geometry": {"type": "LineString", "coordinates": [[77.2, 28.639333333333333], [77.2, 28.640666666666664]]}}, {"type": "Feature", "properties": {"id": 893, "highway": "primary"}, "geometry": {"type": "LineString", "coordinates": [[77.2, 28.640666666666664], [77.2, 28.642]]}}, {"type": "Feature", "properties": {"id": 894, "highway": "primary"}, "geometry": {"type": "LineString", "coordinates": [[77.2, 28.642], [77.2, 28.64333333333333]]}}, {"type": "Feature", "properties": {"id": 895, "highway": "primary"}, "geometry": {"type": "LineString", "coordinates": [[77.2, 28.64333333333333], [77.2, 28.644666666666666]]}}, {"type": "Feature", "properties": {"id": 896, "highway": "primary"}, "geometry": {"type": "LineString", "coordinates": [[77.2, 28.644666666666666], [77.2, 28.645999999999997]]}}, {"type": "Feature", "properties": {"id": 897, "highway": "primary"}, "geometry": {"type": "LineString", "coordinates": [[77.2, 28.645999999999997], [77.2, 28.647333333333332]]}}, {"type": "Feature", "properties": {"id": 898, "highway": "primary"}, "geometry": {"type": "LineString", "coordinates": [[77.2, 28.647333333333332], [77.2, 28.648666666666664]]}}, {"type": "Feature", "properties": {"id": 899, "highway": "primary"}, "geometry": {"type": "LineString", "coordinates": [[77.20166666666667, 28.61], [77.20166666666667, 28.611333333333334]]}}, {"type": "Feature", "properties": {"id": 900, "highway": "primary"}, "geometry": {"type": "LineString", "coordinates": [[77.20166666666667, 28.611333333333334], [77.20166666666667, 28.612666666666666]]}}, {"type": "Feature", "properties": {"id": 901, "highway": "primary"}, "geometry": {"type": "LineString", "coordinates": [[77.20166666666667, 28.612666666666666], [77.20166666666667, 28.614]]}}, {"type": "Feature", "properties": {"id": 902, "highway": "primary"}, "geometry": {"type": "LineString", "coordinates": [[77.20166666666667, 28.614], [77.20166666666667, 28.615333333333332]]}}, {"type": "Feature", "properties": {"id": 903, "highway": "primary"}, "geometry": {"type": "LineString", "coordinates": [[77.20166666666667, 28.615333333333332], [77.20166666666667, 28.616666666666667]]}}, {"type": "Feature", "properties": {"id": 904, "highway": "primary"}, "geometry": {"type": "LineString", "coordinates": [[77.20166666666667, 28.616666666666667], [77.20166666666667, 28.618]]}}, {"type": "Feature", "properties": {"id": 905, "highway": "primary"}, "geometry": {"type": "LineString", "coordinates": [[77.20166666666667, 28.618], [77.20166666666667, 28.619333333333334]]}}, {"type": "Feature", "properties": {"id": 906, "highway": "primary"}, "geometry": {"type": "LineString", "coordinates": [[77.20166666666667, 28.619333333333334], [77.20166666666667, 28.620666666666665]]}}, {"type": "Feature", "properties": {"id": 907, "highway": "primary"}, "geometry": {"type": "LineString", "coordinates": [[77.20166666666667, 28.620666666666665], [77.20166666666667, 28.622]]}}, {"type": "Feature", "properties": {"id": 908, "highway": "primary"}, "geometry": {"type": "LineString", "coordinates": [[77.20166666666667, 28.622], [77.20166666666667, 28.62333333333333]]}}, {"type": "Feature", "properties": {"id": 909, "highway": "primary"}, "geometry": {"type": "LineString", "coordinates": [[77.20166666666667, 28.62333333333333], [77.20166666666667, 28.624666666666666]]}}, {"type": "Feature", "properties": {"id": 910, "highway": "primary"}, "geometry": {"type": "LineString", "coordinates": [[77.20166666666667, 28.624666666666666], [77.20166666666667, 28.625999999999998]]}}, {"type": "Feature", "properties": {"id": 911, "highway": "primary"}, "geometry": {"type": "LineString", "coordinates": [[77.20166666666667, 28.625999999999998], [77.20166666666667, 28.627333333333333]]}}, {"type": "Feature", "properties": {"id": 912, "highway": "primary"}, "geometry": {"type": "LineString", "coordinates": [[77.20166666666667, 28.627333333333333], [77.20166666666667, 28.628666666666664]]}}, {"type": "Feature", "properties": {"id": 913, "highway": "primary"}, "geometry": {"type": "LineString", "coordinates": [[77.20166666666667, 28.628666666666664], [77.20166666666667, 28.63]]}}, {"type": "Feature", "properties": {"id": 914, "highway": "primary"}, "geometry": {"type": "LineString", "coordinates": [[77.20166666666667, 28.63], [77.20166666666667, 28.631333333333334]]}}, {"type": "Feature", "properties": {"id": 915, "highway": "primary"}, "geometry": {"type": "LineString", "coordinates": [[77.20166666666667, 28.631333333333334], [77.20166666666667, 28.632666666666665]]}}, {"type": "Feature", "properties": {"id": 916, "highway": "primary"}, "geometry": {"type": "LineString", "coordinates": [[77.20166666666667, 28.632666666666665], [77.20166666666667, 28.634]]}}, {"type": "Feature", "properties": {"id": 917, "highway": "primary"}, "geometry": {"type": "LineString", "coordinates": [[77.20166666666667, 28.634], [77.20166666666667, 28.63533333333333]]}}, {"type": "Feature", "properties": {"id": 918, "highway": "primary"}, "geometry": {"type": "LineString", "coordinates": [[77.20166666666667, 28.63533333333333], [77.20166666666667, 28.636666666666667]]}}, {"type": "Feature", "properties": {"id": 919, "highway": "primary"}, "geometry": {"type": "LineString", "coordinates": [[77.20166666666667, 28.636666666666667], [77.20166666666667, 28.637999999999998]]}}, {"type": "Feature", "properties": {"id": 920, "highway": "primary"}, "geometry": {"type": "LineString", "coordinates": [[77.20166666666667, 28.637999999999998], [77.20166666666667, 28.639333333333333]]}}, {"type": "Feature", "properties": {"id": 921, "highway": "primary"}, "geometry": {"type": "LineString", "coordinates": [[77.20166666666667, 28.639333333333333], [77.20166666666667, 28.640666666666664]]}}, {"type": "Feature", "properties": {"id": 922, "highway": "primary"}, "geometry": {"type": "LineString", "coordinates": [[77.20166666666667, 28.640666666666664], [77.20166666666667, 28.642]]}}, {"type": "Feature", "properties": {"id": 923, "highway": "primary"}, "geometry": {"type": "LineString", "coordinates": [[77.20166666666667, 28.642], [77.20166666666667, 28.64333333333333]]}}, {"type": "Feature", "properties": {"id": 924, "highway": "primary"}, "geometry": {"type": "LineString", "coordinates": [[77.20166666666667, 28.64333333333333], [77.20166666666667, 28.644666666666666]]}}, {"type": "Feature", "properties": {"id": 925, "highway": "primary"}, "geometry": {"type": "LineString", "coordinates": [[77.20166666666667, 28.644666666666666], [77.20166666666667, 28.645999999999997]]}}, {"type": "Feature", "properties": {"id": 926, "highway": "primary"}, "geometry": {"type": "LineString", "coordinates": [[77.20166666666667, 28.645999999999997], [77.20166666666667, 28.647333333333332]]}}, {"type": "Feature", "properties": {"id": 927, "highway": "primary"}, "geometry": {"type": "LineString", "coordinates": [[77.20166666666667, 28.647333333333332], [77.20166666666667, 28.648666666666664]]}}, {"type": "Feature", "properties": {"id": 928, "highway": "primary"}, "geometry": {"type": "LineString", "coordinates": [[77.20333333333333, 28.61], [77.20333333333333, 28.611333333333334]]}}, {"type": "Feature", "properties": {"id": 929, "highway": "primary"}, "geometry": {"type": "LineString", "coordinates": [[77.20333333333333, 28.611333333333334], [77.20333333333333, 28.612666666666666]]}}, {"type": "Feature", "properties": {"id": 930, "highway": "primary"}, "geometry": {"type": "LineString", "coordinates": [[77.20333333333333, 28.612666666666666], [77.20333333333333, 28.614]]}}, {"type": "Feature", "properties": {"id": 931, "highway": "primary"}, "geometry": {"type": "LineString", "coordinates": [[77.20333333333333, 28.614], [77.20333333333333, 28.615333333333332]]}}, {"type": "Feature", "properties": {"id": 932, "highway": "primary"}, "geometry": {"type": "LineString", "coordinates": [[77.20333333333333, 28.615333333333332], [77.20333333333333, 28.616666666666667]]}}, {"type": "Feature", "properties": {"id": 933, "highway": "primary"}, "geometry": {"type": "LineString", "coordinates": [[77.20333333333333, 28.616666666666667], [77.20333333333333, 28.618]]}}, {"type": "Feature", "properties": {"id": 934, "highway": "primary"}, "geometry": {"type": "LineString", "coordinates": [[77.20333333333333, 28.618], [77.20333333333333, 28.619333333333334]]}}, {"type": "Feature", "properties": {"id": 935, "highway": "primary"}, "geometry": {"type": "LineString", "coordinates": [[77.20333333333333, 28.619333333333334], [77.20333333333333, 28.620666666666665]]}}, {"type": "Feature", "properties": {"id": 936, "highway": "primary"}, "geometry": {"type": "LineString", "coordinates": [[77.20333333333333, 28.620666666666665], [77.20333333333333, 28.622]]}}, {"type": "Feature", "properties": {"id": 937, "highway": "primary"}, "geometry": {"type": "LineString", "coordinates": [[77.20333333333333, 28.622], [77.20333333333333, 28.62333333333333]]}}, {"type": "Feature", "properties": {"id": 938, "highway": "primary"}, "geometry": {"type": "LineString", "coordinates": [[77.20333333333333, 28.62333333333333], [77.20333333333333, 28.624666666666666]]}}, {"type": "Feature", "properties": {"id": 939, "highway": "primary"}, "geometry": {"type": "LineString", "coordinates": [[77.20333333333333, 28.624666666666666], [77.20333333333333, 28.625999999999998]]}}, {"type": "Feature", "properties": {"id": 940, "highway": "primary"}, "geometry": {"type": "LineString", "coordinates": [[77.20333333333333, 28.625999999999998], [77.20333333333333, 28.627333333333333]]}}, {"type": "Feature", "properties": {"id": 941, "highway": "primary"}, "geometry": {"type": "LineString", "coordinates": [[77.20333333333333, 28.627333333333333], [77.20333333333333, 28.628666666666664]]}}, {"type": "Feature", "properties": {"id": 942, "highway": "primary"}, "geometry": {"type": "LineString", "coordinates": [[77.20333333333333, 28.628666666666664], [77.20333333333333, 28.63]]}}, {"type": "Feature", "properties": {"id": 943, "highway": "primary"}, "geometry": {"type": "LineString", "coordinates": [[77.20333333333333, 28.63], [77.20333333333333, 28.631333333333334]]}}, {"type": "Feature", "properties": {"id": 944, "highway": "primary"}, "geometry": {"type": "LineString", "coordinates": [[77.20333333333333, 28.631333333333334], [77.20333333333333, 28.632666666666665]]}}, {"type": "Feature", "properties": {"id": 945, "highway": "primary"}, "geometry": {"type": "LineString", "coordinates": [[77.20333333333333, 28.632666666666665], [77.20333333333333, 28.634]]}}, {"type": "Feature", "properties": {"id": 946, "highway": "primary"}, "geometry": {"type": "LineString", "coordinates": [[77.20333333333333, 28.634], [77.20333333333333, 28.63533333333333]]}}, {"type": "Feature", "properties": {"id": 947, "highway": "primary"}, "geometry": {"type": "LineString", "coordinates": [[77.20333333333333, 28.63533333333333], [77.20333333333333, 28.636666666666667]]}}, {"type": "Feature", "properties": {"id": 948, "highway": "primary"}, "geometry": {"type": "LineString", "coordinates": [[77.20333333333333, 28.636666666666667], [77.20333333333333, 28.637999999999998]]}}, {"type": "Feature", "properties": {"id": 949, "highway": "primary"}, "geometry": {"type": "LineString", "coordinates": [[77.20333333333333, 28.637999999999998], [77.20333333333333, 28.639333333333333]]}}, {"type": "Feature", "properties": {"id": 950, "highway": "primary"}, "geometry": {"type": "LineString", "coordinates": [[77.20333333333333, 28.639333333333333], [77.20333333333333, 28.640666666666664]]}}, {"type": "Feature", "properties": {"id": 951, "highway": "primary"}, "geometry": {"type": "LineString", "coordinates": [[77.20333333333333, 28.640666666666664], [77.20333333333333, 28.642]]}}, {"type": "Feature", "properties": {"id": 952, "highway": "primary"}, "geometry": {"type": "LineString", "coordinates": [[77.20333333333333, 28.642], [77.20333333333333, 28.64333333333333]]}}, {"type": "Feature", "properties": {"id": 953, "highway": "primary"}, "geometry": {"type": "LineString", "coordinates": [[77.20333333333333, 28.64333333333333], [77.20333333333333, 28.644666666666666]]}}, {"type": "Feature", "properties": {"id": 954, "highway": "primary"}, "geometry": {"type": "LineString", "coordinates": [[77.20333333333333, 28.644666666666666], [77.20333333333333, 28.645999999999997]]}}, {"type": "Feature", "properties": {"id": 955, "highway": "primary"}, "geometry": {"type": "LineString", "coordinates": [[77.20333333333333, 28.645999999999997], [77.20333333333333, 28.647333333333332]]}}, {"type": "Feature", "properties": {"id": 956, "highway": "primary"}, "geometry": {"type": "LineString", "coordinates": [[77.20333333333333, 28.647333333333332], [77.20333333333333, 28.648666666666664]]}}, {"type": "Feature", "properties": {"id": 957, "highway": "primary"}, "geometry": {"type": "LineString", "coordinates": [[77.205, 28.61], [77.205, 28.611333333333334]]}}, {"type": "Feature", "properties": {"id": 958, "highway": "primary"}, "geometry": {"type": "LineString", "coordinates": [[77.205, 28.611333333333334], [77.205, 28.612666666666666]]}}, {"type": "Feature", "properties": {"id": 959, "highway": "primary"}, "geometry": {"type": "LineString", "coordinates": [[77.205, 28.612666666666666], [77.205, 28.614]]}}, {"type": "Feature", "properties": {"id": 960, "highway": "primary"}, "geometry": {"type": "LineString", "coordinates": [[77.205, 28.614], [77.205, 28.615333333333332]]}}, {"type": "Feature", "properties": {"id": 961, "highway": "primary"}, "geometry": {"type": "LineString", "coordinates": [[77.205, 28.615333333333332], [77.205, 28.616666666666667]]}}, {"type": "Feature", "properties": {"id": 962, "highway": "primary"}, "geometry": {"type": "LineString", "coordinates": [[77.205, 28.616666666666667], [77.205, 28.618]]}}, {"type": "Feature", "properties": {"id": 963, "highway": "primary"}, "geometry": {"type": "LineString", "coordinates": [[77.205, 28.618], [77.205, 28.619333333333334]]}}, {"type": "Feature", "properties": {"id": 964, "highway": "primary"}, "geometry": {"type": "LineString", "coordinates": [[77.205, 28.619333333333334], [77.205, 28.620666666666665]]}}, {"type": "Feature", "properties": {"id": 965, "highway": "primary"}, "geometry": {"type": "LineString", "coordinates": [[77.205, 28.620666666666665], [77.205, 28.622]]}}, {"type": "Feature", "properties": {"id": 966, "highway": "primary"}, "geometry": {"type": "LineString", "coordinates": [[77.205, 28.622], [77.205, 28.62333333333333]]}}, {"type": "Feature", "properties": {"id": 967, "highway": "primary"}, "geometry": {"type": "LineString", "coordinates": [[77.205, 28.62333333333333], [77.205, 28.624666666666666]]}}, {"type": "Feature", "properties": {"id": 968, "highway": "primary"}, "geometry": {"type": "LineString", "coordinates": [[77.205, 28.624666666666666], [77.205, 28.625999999999998]]}}, {"type": "Feature", "properties": {"id": 969, "highway": "primary"}, "geometry": {"type": "LineString", "coordinates": [[77.205, 28.625999999999998], [77.205, 28.627333333333333]]}}, {"type": "Feature", "properties": {"id": 970, "highway": "primary"}, "geometry": {"type": "LineString", "coordinates": [[77.205, 28.627333333333333], [77.205, 28.628666666666664]]}}, {"type": "Feature", "properties": {"id": 971, "highway": "primary"}, "geometry": {"type": "LineString", "coordinates": [[77.205, 28.628666666666664], [77.205, 28.63]]}}, {"type": "Feature", "properties": {"id": 972, "highway": "primary"}, "geometry": {"type": "LineString", "coordinates": [[77.205, 28.63], [77.205, 28.631333333333334]]}}, {"type": "Feature", "properties": {"id": 973, "highway": "primary"}, "geometry": {"type": "LineString", "coordinates": [[77.205, 28.631333333333334], [77.205, 28.632666666666665]]}}, {"type": "Feature", "properties": {"id": 974, "highway": "primary"}, "geometry": {"type": "LineString", "coordinates": [[77.205, 28.632666666666665], [77.205, 28.634]]}}, {"type": "Feature", "properties": {"id": 975, "highway": "primary"}, "geometry": {"type": "LineString", "coordinates": [[77.205, 28.634], [77.205, 28.63533333333333]]}}, {"type": "Feature", "properties": {"id": 976, "highway": "primary"}, "geometry": {"type": "LineString", "coordinates": [[77.205, 28.63533333333333], [77.205, 28.636666666666667]]}}, {"type": "Feature", "properties": {"id": 977, "highway": "primary"}, "geometry": {"type": "LineString", "coordinates": [[77.205, 28.636666666666667], [77.205, 28.637999999999998]]}}, {"type": "Feature", "properties": {"id": 978, "highway": "primary"}, "geometry": {"type": "LineString", "coordinates": [[77.205, 28.637999999999998], [77.205, 28.639333333333333]]}}, {"type": "Feature", "properties": {"id": 979, "highway": "primary"}, "geometry": {"type": "LineString", "coordinates": [[77.205, 28.639333333333333], [77.205, 28.640666666666664]]}}, {"type": "Feature", "properties": {"id": 980, "highway": "primary"}, "geometry": {"type": "LineString", "coordinates": [[77.205, 28.640666666666664], [77.205, 28.642]]}}, {"type": "Feature", "properties": {"id": 981, "highway": "primary"}, "geometry": {"type": "LineString", "coordinates": [[77.205, 28.642], [77.205, 28.64333333333333]]}}, {"type": "Feature", "properties": {"id": 982, "highway": "primary"}, "geometry": {"type": "LineString", "coordinates": [[77.205, 28.64333333333333], [77.205, 28.644666666666666]]}}, {"type": "Feature", "properties": {"id": 983, "highway": "primary"}, "geometry": {"type": "LineString", "coordinates": [[77.205, 28.644666666666666], [77.205, 28.645999999999997]]}}, {"type": "Feature", "properties": {"id": 984, "highway": "primary"}, "geometry": {"type": "LineString", "coordinates": [[77.205, 28.645999999999997], [77.205, 28.647333333333332]]}}, {"type": "Feature", "properties": {"id": 985, "highway": "primary"}, "geometry": {"type": "LineString", "coordinates": [[77.205, 28.647333333333332], [77.205, 28.648666666666664]]}}, {"type": "Feature", "properties": {"id": 986, "highway": "primary"}, "geometry": {"type": "LineString", "coordinates": [[77.20666666666666, 28.61], [77.20666666666666, 28.611333333333334]]}}, {"type": "Feature", "properties": {"id": 987, "highway": "primary"}, "geometry": {"type": "LineString", "coordinates": [[77.20666666666666, 28.611333333333334], [77.20666666666666, 28.612666666666666]]}}, {"type": "Feature", "properties": {"id": 988, "highway": "primary"}, "geometry": {"type": "LineString", "coordinates": [[77.20666666666666, 28.612666666666666], [77.20666666666666, 28.614]]}}, {"type": "Feature", "properties": {"id": 989, "highway": "primary"}, "geometry": {"type": "LineString", "coordinates": [[77.20666666666666, 28.614], [77.20666666666666, 28.615333333333332]]}}, {"type": "Feature", "properties": {"id": 990, "highway": "primary"}, "geometry": {"type": "LineString", "coordinates": [[77.20666666666666, 28.615333333333332], [77.20666666666666, 28.616666666666667]]}}, {"type": "Feature", "properties": {"id": 991, "highway": "primary"}, "geometry": {"type": "LineString", "coordinates": [[77.20666666666666, 28.616666666666667], [77.20666666666666, 28.618]]}}, {"type": "Feature", "properties": {"id": 992, "highway": "primary"}, "geometry": {"type": "LineString", "coordinates": [[77.20666666666666, 28.618], [77.20666666666666, 28.619333333333334]]}}, {"type": "Feature", "properties": {"id": 993, "highway": "primary"}, "geometry": {"type": "LineString", "coordinates": [[77.20666666666666, 28.619333333333334], [77.20666666666666, 28.620666666666665]]}}, {"type": "Feature", "properties": {"id": 994, "highway": "primary"}, "geometry": {"type": "LineString", "coordinates": [[77.20666666666666, 28.620666666666665], [77.20666666666666, 28.622]]}}, {"type": "Feature", "properties": {"id": 995, "highway": "primary"}, "geometry": {"type": "LineString", "coordinates": [[77.20666666666666, 28.622], [77.20666666666666, 28.62333333333333]]}}, {"type": "Feature", "properties": {"id": 996, "highway": "primary"}, "geometry": {"type": "LineString", "coordinates": [[77.20666666666666, 28.62333333333333], [77.20666666666666, 28.624666666666666]]}}, {"type": "Feature", "properties": {"id": 997, "highway": "primary"}, "geometry": {"type": "LineString", "coordinates": [[77.20666666666666, 28.624666666666666], [77.20666666666666, 28.625999999999998]]}}, {"type": "Feature", "properties": {"id": 998, "highway": "primary"}, "geometry": {"type": "LineString", "coordinates": [[77.20666666666666, 28.625999999999998], [77.20666666666666, 28.627333333333333]]}}, {"type": "Feature", "properties": {"id": 999, "highway": "primary"}, "geometry": {"type": "LineString", "coordinates": [[77.20666666666666, 28.627333333333333], [77.20666666666666, 28.628666666666664]]}}, {"type": "Feature", "properties": {"id": 1000, "highway": "primary"}, "geometry": {"type": "LineString", "coordinates": [[77.20666666666666, 28.628666666666664], [77.20666666666666, 28.63]]}}, {"type": "Feature", "properties": {"id": 1001, "highway": "primary"}, "geometry": {"type": "LineString", "coordinates": [[77.20666666666666, 28.63], [77.20666666666666, 28.631333333333334]]}}, {"type": "Feature", "properties": {"id": 1002, "highway": "primary"}, "geometry": {"type": "LineString", "coordinates": [[77.20666666666666, 28.631333333333334], [77.20666666666666, 28.632666666666665]]}}, {"type": "Feature", "properties": {"id": 1003, "highway": "primary"}, "geometry": {"type": "LineString", "coordinates": [[77.20666666666666, 28.632666666666665], [77.20666666666666, 28.634]]}}, {"type": "Feature", "properties": {"id": 1004, "highway": "primary"}, "geometry": {"type": "LineString", "coordinates": [[77.20666666666666, 28.634], [77.20666666666666, 28.63533333333333]]}}, {"type": "Feature", "properties": {"id": 1005, "highway": "primary"}, "geometry": {"type": "LineString", "coordinates": [[77.20666666666666, 28.63533333333333], [77.20666666666666, 28.636666666666667]]}}, {"type": "Feature", "properties": {"id": 1006, "highway": "primary"}, "geometry": {"type": "LineString", "coordinates": [[77.20666666666666, 28.636666666666667], [77.20666666666666, 28.637999999999998]]}}, {"type": "Feature", "properties": {"id": 1007, "highway": "primary"}, "geometry": {"type": "LineString", "coordinates": [[77.20666666666666, 28.637999999999998], [77.20666666666666, 28.639333333333333]]}}, {"type": "Feature", "properties": {"id": 1008, "highway": "primary"}, "geometry": {"type": "LineString", "coordinates": [[77.20666666666666, 28.639333333333333], [77.20666666666666, 28.640666666666664]]}}, {"type": "Feature", "properties": {"id": 1009, "highway": "primary"}, "geometry": {"type": "LineString", "coordinates": [[77.20666666666666, 28.640666666666664], [77.20666666666666, 28.642]]}}, {"type": "Feature", "properties": {"id": 1010, "highway": "primary"}, "geometry": {"type": "LineString", "coordinates": [[77.20666666666666, 28.642], [77.20666666666666, 28.64333333333333]]}}, {"type": "Feature", "properties": {"id": 1011, "highway": "primary"}, "geometry": {"type": "LineString", "coordinates": [[77.20666666666666, 28.64333333333333], [77.20666666666666, 28.644666666666666]]}}, {"type": "Feature", "properties": {"id": 1012, "highway": "primary"}, "geometry": {"type": "LineString", "coordinates": [[77.20666666666666, 28.644666666666666], [77.20666666666666, 28.645999999999997]]}}, {"type": "Feature", "properties": {"id": 1013, "highway": "primary"}, "geometry": {"type": "LineString", "coordinates": [[77.20666666666666, 28.645999999999997], [77.20666666666666, 28.647333333333332]]}}, {"type": "Feature", "properties": {"id": 1014, "highway": "primary"}, "geometry": {"type": "LineString", "coordinates": [[77.20666666666666, 28.647333333333332], [77.20666666666666, 28.648666666666664]]}}, {"type": "Feature", "properties": {"id": 1015, "highway": "primary"}, "geometry": {"type": "LineString", "coordinates": [[77.20833333333334, 28.61], [77.20833333333334, 28.611333333333334]]}}, {"type": "Feature", "properties": {"id": 1016, "highway": "primary"}, "geometry": {"type": "LineString", "coordinates": [[77.20833333333334, 28.611333333333334], [77.20833333333334, 28.612666666666666]]}}, {"type": "Feature", "properties": {"id": 1017, "highway": "primary"}, "geometry": {"type": "LineString", "coordinates": [[77.20833333333334, 28.612666666666666], [77.20833333333334, 28.614]]}}, {"type": "Feature", "properties": {"id": 1018, "highway": "primary"}, "geometry": {"type": "LineString", "coordinates": [[77.20833333333334, 28.614], [77.20833333333334, 28.615333333333332]]}}, {"type": "Feature", "properties": {"id": 1019, "highway": "primary"}, "geometry": {"type": "LineString", "coordinates": [[77.20833333333334, 28.615333333333332], [77.20833333333334, 28.616666666666667]]}}, {"type": "Feature", "properties": {"id": 1020, "highway": "primary"}, "geometry": {"type": "LineString", "coordinates": [[77.20833333333334, 28.616666666666667], [77.20833333333334, 28.618]]}}, {"type": "Feature", "properties": {"id": 1021, "highway": "primary"}, "geometry": {"type": "LineString", "coordinates": [[77.20833333333334, 28.618], [77.20833333333334, 28.619333333333334]]}}, {"type": "Feature", "properties": {"id": 1022, "highway": "primary"}, "geometry": {"type": "LineString", "coordinates": [[77.20833333333334, 28.619333333333334], [77.20833333333334, 28.620666666666665]]}}, {"type": "Feature", "properties": {"id": 1023, "highway": "primary"}, "geometry": {"type": "LineString", "coordinates": [[77.20833333333334, 28.620666666666665], [77.20833333333334, 28.622]]}}, {"type": "Feature", "properties": {"id": 1024, "highway": "primary"}, "geometry": {"type": "LineString", "coordinates": [[77.20833333333334, 28.622], [77.20833333333334, 28.62333333333333]]}}, {"type": "Feature", "properties": {"id": 1025, "highway": "primary"}, "geometry": {"type": "LineString", "coordinates": [[77.20833333333334, 28.62333333333333], [77.20833333333334, 28.624666666666666]]}}, {"type": "Feature", "properties": {"id": 1026, "highway": "primary"}, "geometry": {"type": "LineString", "coordinates": [[77.20833333333334, 28.624666666666666], [77.20833333333334, 28.625999999999998]]}}, {"type": "Feature", "properties": {"id": 1027, "highway": "primary"}, "geometry": {"type": "LineString", "coordinates": [[77.20833333333334, 28.625999999999998], [77.20833333333334, 28.627333333333333]]}}, {"type": "Feature", "properties": {"id": 1028, "highway": "primary"}, "geometry": {"type": "LineString", "coordinates": [[77.20833333333334, 28.627333333333333], [77.20833333333334, 28.628666666666664]]}}, {"type": "Feature", "properties": {"id": 1029, "highway": "primary"}, "geometry": {"type": "LineString", "coordinates": [[77.20833333333334, 28.628666666666664], [77.20833333333334, 28.63]]}}, {"type": "Feature", "properties": {"id": 1030, "highway": "primary"}, "geometry": {"type": "LineString", "coordinates": [[77.20833333333334, 28.63], [77.20833333333334, 28.631333333333334]]}}, {"type": "Feature", "properties": {"id": 1031, "highway": "primary"}, "geometry": {"type": "LineString", "coordinates": [[77.20833333333334, 28.631333333333334], [77.20833333333334, 28.632666666666665]]}}, {"type": "Feature", "properties": {"id": 1032, "highway": "primary"}, "geometry": {"type": "LineString", "coordinates": [[77.20833333333334, 28.632666666666665], [77.20833333333334, 28.634]]}}, {"type": "Feature", "properties": {"id": 1033, "highway": "primary"}, "geometry": {"type": "LineString", "coordinates": [[77.20833333333334, 28.634], [77.20833333333334, 28.63533333333333]]}}, {"type": "Feature", "properties": {"id": 1034, "highway": "primary"}, "geometry": {"type": "LineString", "coordinates": [[77.20833333333334, 28.63533333333333], [77.20833333333334, 28.636666666666667]]}}, {"type": "Feature", "properties": {"id": 1035, "highway": "primary"}, "geometry": {"type": "LineString", "coordinates": [[77.20833333333334, 28.636666666666667], [77.20833333333334, 28.637999999999998]]}}, {"type": "Feature", "properties": {"id": 1036, "highway": "primary"}, "geometry": {"type": "LineString", "coordinates": [[77.20833333333334, 28.637999999999998], [77.20833333333334, 28.639333333333333]]}}, {"type": "Feature", "properties": {"id": 1037, "highway": "primary"}, "geometry": {"type": "LineString", "coordinates": [[77.20833333333334, 28.639333333333333], [77.20833333333334, 28.640666666666664]]}}, {"type": "Feature", "properties": {"id": 1038, "highway": "primary"}, "geometry": {"type": "LineString", "coordinates": [[77.20833333333334, 28.640666666666664], [77.20833333333334, 28.642]]}}, {"type": "Feature", "properties": {"id": 1039, "highway": "primary"}, "geometry": {"type": "LineString", "coordinates": [[77.20833333333334, 28.642], [77.20833333333334, 28.64333333333333]]}}, {"type": "Feature", "properties": {"id": 1040, "highway": "primary"}, "geometry": {"type": "LineString", "coordinates": [[77.20833333333334, 28.64333333333333], [77.20833333333334, 28.644666666666666]]}}, {"type": "Feature", "properties": {"id": 1041, "highway": "primary"}, "geometry": {"type": "LineString", "coordinates": [[77.20833333333334, 28.644666666666666], [77.20833333333334, 28.645999999999997]]}}, {"type": "Feature", "properties": {"id": 1042, "highway": "primary"}, "geometry": {"type": "LineString", "coordinates": [[77.20833333333334, 28.645999999999997], [77.20833333333334, 28.647333333333332]]}}, {"type": "Feature", "properties": {"id": 1043, "highway": "primary"}, "geometry": {"type": "LineString", "coordinates": [[77.20833333333334, 28.647333333333332], [77.20833333333334, 28.648666666666664]]}}, {"type": "Feature", "properties": {"id": 1044, "highway": "primary"}, "geometry": {"type": "LineString", "coordinates": [[77.21000000000001, 28.61], [77.21000000000001, 28.611333333333334]]}}, {"type": "Feature", "properties": {"id": 1045, "highway": "primary"}, "geometry": {"type": "LineString", "coordinates": [[77.21000000000001, 28.611333333333334], [77.21000000000001, 28.612666666666666]]}}, {"type": "Feature", "properties": {"id": 1046, "highway": "primary"}, "geometry": {"type": "LineString", "coordinates": [[77.21000000000001, 28.612666666666666], [77.21000000000001, 28.614]]}}, {"type": "Feature", "properties": {"id": 1047, "highway": "primary"}, "geometry": {"type": "LineString", "coordinates": [[77.21000000000001, 28.614], [77.21000000000001, 28.615333333333332]]}}, {"type": "Feature", "properties": {"id": 1048, "highway": "primary"}, "geometry": {"type": "LineString", "coordinates": [[77.21000000000001, 28.615333333333332], [77.21000000000001, 28.616666666666667]]}}, {"type": "Feature", "properties": {"id": 1049, "highway": "primary"}, "geometry": {"type": "LineString", "coordinates": [[77.21000000000001, 28.616666666666667], [77.21000000000001, 28.618]]}}, {"type": "Feature", "properties": {"id": 1050, "highway": "primary"}, "geometry": {"type": "LineString", "coordinates": [[77.21000000000001, 28.618], [77.21000000000001, 28.619333333333334]]}}, {"type": "Feature", "properties": {"id": 1051, "highway": "primary"}, "geometry": {"type": "LineString", "coordinates": [[77.21000000000001, 28.619333333333334], [77.21000000000001, 28.620666666666665]]}}, {"type": "Feature", "properties": {"id": 1052, "highway": "primary"}, "geometry": {"type": "LineString", "coordinates": [[77.21000000000001, 28.620666666666665], [77.21000000000001, 28.622]]}}, {"type": "Feature", "properties": {"id": 1053, "highway": "primary"}, "geometry": {"type": "LineString", "coordinates": [[77.21000000000001, 28.622], [77.21000000000001, 28.62333333333333]]}}, {"type": "Feature", "properties": {"id": 1054, "highway": "primary"}, "geometry": {"type": "LineString", "coordinates": [[77.21000000000001, 28.62333333333333], [77.21000000000001, 28.624666666666666]]}}, {"type": "Feature", "properties": {"id": 1055, "highway": "primary"}, "geometry": {"type": "LineString", "coordinates": [[77.21000000000001, 28.624666666666666], [77.21000000000001, 28.625999999999998]]}}, {"type": "Feature", "properties": {"id": 1056, "highway": "primary"}, "geometry": {"type": "LineString", "coordinates": [[77.21000000000001, 28.625999999999998], [77.21000000000001, 28.627333333333333]]}}, {"type": "Feature", "properties": {"id": 1057, "highway": "primary"}, "geometry": {"type": "LineString", "coordinates": [[77.21000000000001, 28.627333333333333], [77.21000000000001, 28.628666666666664]]}}, {"type": "Feature", "properties": {"id": 1058, "highway": "primary"}, "geometry": {"type": "LineString", "coordinates": [[77.21000000000001, 28.628666666666664], [77.21000000000001, 28.63]]}}, {"type": "Feature", "properties": {"id": 1059, "highway": "primary"}, "geometry": {"type": "LineString", "coordinates": [[77.21000000000001, 28.63], [77.21000000000001, 28.631333333333334]]}}, {"type": "Feature", "properties": {"id": 1060, "highway": "primary"}, "geometry": {"type": "LineString", "coordinates": [[77.21000000000001, 28.631333333333334], [77.21000000000001, 28.632666666666665]]}}, {"type": "Feature", "properties": {"id": 1061, "highway": "primary"}, "geometry": {"type": "LineString", "coordinates": [[77.21000000000001, 28.632666666666665], [77.21000000000001, 28.634]]}}, {"type": "Feature", "properties": {"id": 1062, "highway": "primary"}, "geometry": {"type": "LineString", "coordinates": [[77.21000000000001, 28.634], [77.21000000000001, 28.63533333333333]]}}, {"type": "Feature", "properties": {"id": 1063, "highway": "primary"}, "geometry": {"type": "LineString", "coordinates": [[77.21000000000001, 28.63533333333333], [77.21000000000001, 28.636666666666667]]}}, {"type": "Feature", "properties": {"id": 1064, "highway": "primary"}, "geometry": {"type": "LineString", "coordinates": [[77.21000000000001, 28.636666666666667], [77.21000000000001, 28.637999999999998]]}}, {"type": "Feature", "properties": {"id": 1065, "highway": "primary"}, "geometry": {"type": "LineString", "coordinates": [[77.21000000000001, 28.637999999999998], [77.21000000000001, 28.639333333333333]]}}, {"type": "Feature", "properties": {"id": 1066, "highway": "primary"}, "geometry": {"type": "LineString", "coordinates": [[77.21000000000001, 28.639333333333333], [77.21000000000001, 28.640666666666664]]}}, {"type": "Feature", "properties": {"id": 1067, "highway": "primary"}, "geometry": {"type": "LineString", "coordinates": [[77.21000000000001, 28.640666666666664], [77.21000000000001, 28.642]]}}, {"type": "Feature", "properties": {"id": 1068, "highway": "primary"}, "geometry": {"type": "LineString", "coordinates": [[77.21000000000001, 28.642], [77.21000000000001, 28.64333333333333]]}}, {"type": "Feature", "properties": {"id": 1069, "highway": "primary"}, "geometry": {"type": "LineString", "coordinates": [[77.21000000000001, 28.64333333333333], [77.21000000000001, 28.644666666666666]]}}, {"type": "Feature", "properties": {"id": 1070, "highway": "primary"}, "geometry": {"type": "LineString", "coordinates": [[77.21000000000001, 28.644666666666666], [77.21000000000001, 28.645999999999997]]}}, {"type": "Feature", "properties": {"id": 1071, "highway": "primary"}, "geometry": {"type": "LineString", "coordinates": [[77.21000000000001, 28.645999999999997], [77.21000000000001, 28.647333333333332]]}}, {"type": "Feature", "properties": {"id": 1072, "highway": "primary"}, "geometry": {"type": "LineString", "coordinates": [[77.21000000000001, 28.647333333333332], [77.21000000000001, 28.648666666666664]]}}, {"type": "Feature", "properties": {"id": 1073, "highway": "primary"}, "geometry": {"type": "LineString", "coordinates": [[77.21166666666667, 28.61], [77.21166666666667, 28.611333333333334]]}}, {"type": "Feature", "properties": {"id": 1074, "highway": "primary"}, "geometry": {"type": "LineString", "coordinates": [[77.21166666666667, 28.611333333333334], [77.21166666666667, 28.612666666666666]]}}, {"type": "Feature", "properties": {"id": 1075, "highway": "primary"}, "geometry": {"type": "LineString", "coordinates": [[77.21166666666667, 28.612666666666666], [77.21166666666667, 28.614]]}}, {"type": "Feature", "properties": {"id": 1076, "highway": "primary"}, "geometry": {"type": "LineString", "coordinates": [[77.21166666666667, 28.614], [77.21166666666667, 28.615333333333332]]}}, {"type": "Feature", "properties": {"id": 1077, "highway": "primary"}, "geometry": {"type": "LineString", "coordinates": [[77.21166666666667, 28.615333333333332], [77.21166666666667, 28.616666666666667]]}}, {"type": "Feature", "properties": {"id": 1078, "highway": "primary"}, "geometry": {"type": "LineString", "coordinates": [[77.21166666666667, 28.616666666666667], [77.21166666666667, 28.618]]}}, {"type": "Feature", "properties": {"id": 1079, "highway": "primary"}, "geometry": {"type": "LineString", "coordinates": [[77.21166666666667, 28.618], [77.21166666666667, 28.619333333333334]]}}, {"type": "Feature", "properties": {"id": 1080, "highway": "primary"}, "geometry": {"type": "LineString", "coordinates": [[77.21166666666667, 28.619333333333334], [77.21166666666667, 28.620666666666665]]}}, {"type": "Feature", "properties": {"id": 1081, "highway": "primary"}, "geometry": {"type": "LineString", "coordinates": [[77.21166666666667, 28.620666666666665], [77.21166666666667, 28.622]]}}, {"type": "Feature", "properties": {"id": 1082, "highway": "primary"}, "geometry": {"type": "LineString", "coordinates": [[77.21166666666667, 28.622], [77.21166666666667, 28.62333333333333]]}}, {"type": "Feature", "properties": {"id": 1083, "highway": "primary"}, "geometry": {"type": "LineString", "coordinates": [[77.21166666666667, 28.62333333333333], [77.21166666666667, 28.624666666666666]]}}, {"type": "Feature", "properties": {"id": 1084, "highway": "primary"}, "geometry": {"type": "LineString", "coordinates": [[77.21166666666667, 28.624666666666666], [77.21166666666667, 28.625999999999998]]}}, {"type": "Feature", "properties": {"id": 1085, "highway": "primary"}, "geometry": {"type": "LineString", "coordinates": [[77.21166666666667, 28.625999999999998], [77.21166666666667, 28.627333333333333]]}}, {"type": "Feature", "properties": {"id": 1086, "highway": "primary"}, "geometry": {"type": "LineString", "coordinates": [[77.21166666666667, 28.627333333333333], [77.21166666666667, 28.628666666666664]]}}, {"type": "Feature", "properties": {"id": 1087, "highway": "primary"}, "geometry": {"type": "LineString", "coordinates": [[77.21166666666667, 28.628666666666664], [77.21166666666667, 28.63]]}}, {"type": "Feature", "properties": {"id": 1088, "highway": "primary"}, "geometry": {"type": "LineString", "coordinates": [[77.21166666666667, 28.63], [77.21166666666667, 28.631333333333334]]}}, {"type": "Feature", "properties": {"id": 1089, "highway": "primary"}, "geometry": {"type": "LineString", "coordinates": [[77.21166666666667, 28.631333333333334], [77.21166666666667, 28.632666666666665]]}}, {"type": "Feature", "properties": {"id": 1090, "highway": "primary"}, "geometry": {"type": "LineString", "coordinates": [[77.21166666666667, 28.632666666666665], [77.21166666666667, 28.634]]}}, {"type": "Feature", "properties": {"id": 1091, "highway": "primary"}, "geometry": {"type": "LineString", "coordinates": [[77.21166666666667, 28.634], [77.21166666666667, 28.63533333333333]]}}, {"type": "Feature", "properties": {"id": 1092, "highway": "primary"}, "geometry": {"type": "LineString", "coordinates": [[77.21166666666667, 28.63533333333333], [77.21166666666667, 28.636666666666667]]}}, {"type": "Feature", "properties": {"id": 1093, "highway": "primary"}, "geometry": {"type": "LineString", "coordinates": [[77.21166666666667, 28.636666666666667], [77.21166666666667, 28.637999999999998]]}}, {"type": "Feature", "properties": {"id": 1094, "highway": "primary"}, "geometry": {"type": "LineString", "coordinates": [[77.21166666666667, 28.637999999999998], [77.21166666666667, 28.639333333333333]]}}, {"type": "Feature", "properties": {"id": 1095, "highway": "primary"}, "geometry": {"type": "LineString", "coordinates": [[77.21166666666667, 28.639333333333333], [77.21166666666667, 28.640666666666664]]}}, {"type": "Feature", "properties": {"id": 1096, "highway": "primary"}, "geometry": {"type": "LineString", "coordinates": [[77.21166666666667, 28.640666666666664], [77.21166666666667, 28.642]]}}, {"type": "Feature", "properties": {"id": 1097, "highway": "primary"}, "geometry": {"type": "LineString", "coordinates": [[77.21166666666667, 28.642], [77.21166666666667, 28.64333333333333]]}}, {"type": "Feature", "properties": {"id": 1098, "highway": "primary"}, "geometry": {"type": "LineString", "coordinates": [[77.21166666666667, 28.64333333333333], [77.21166666666667, 28.644666666666666]]}}, {"type": "Feature", "properties": {"id": 1099, "highway": "primary"}, "geometry": {"type": "LineString", "coordinates": [[77.21166666666667, 28.644666666666666], [77.21166666666667, 28.645999999999997]]}}, {"type": "Feature", "properties": {"id": 1100, "highway": "primary"}, "geometry": {"type": "LineString", "coordinates": [[77.21166666666667, 28.645999999999997], [77.21166666666667, 28.647333333333332]]}}, {"type": "Feature", "properties": {"id": 1101, "highway": "primary"}, "geometry": {"type": "LineString", "coordinates": [[77.21166666666667, 28.647333333333332], [77.21166666666667, 28.648666666666664]]}}, {"type": "Feature", "properties": {"id": 1102, "highway": "primary"}, "geometry": {"type": "LineString", "coordinates": [[77.21333333333334, 28.61], [77.21333333333334, 28.611333333333334]]}}, {"type": "Feature", "properties": {"id": 1103, "highway": "primary"}, "geometry": {"type": "LineString", "coordinates": [[77.21333333333334, 28.611333333333334], [77.21333333333334, 28.612666666666666]]}}, {"type": "Feature", "properties": {"id": 1104, "highway": "primary"}, "geometry": {"type": "LineString", "coordinates": [[77.21333333333334, 28.612666666666666], [77.21333333333334, 28.614]]}}, {"type": "Feature", "properties": {"id": 1105, "highway": "primary"}, "geometry": {"type": "LineString", "coordinates": [[77.21333333333334, 28.614], [77.21333333333334, 28.615333333333332]]}}, {"type": "Feature", "properties": {"id": 1106, "highway": "primary"}, "geometry": {"type": "LineString", "coordinates": [[77.21333333333334, 28.615333333333332], [77.21333333333334, 28.616666666666667]]}}, {"type": "Feature", "properties": {"id": 1107, "highway": "primary"}, "geometry": {"type": "LineString", "coordinates": [[77.21333333333334, 28.616666666666667], [77.21333333333334, 28.618]]}}, {"type": "Feature", "properties": {"id": 1108, "highway": "primary"}, "geometry": {"type": "LineString", "coordinates": [[77.21333333333334, 28.618], [77.21333333333334, 28.619333333333334]]}}, {"type": "Feature", "properties": {"id": 1109, "highway": "primary"}, "geometry": {"type": "LineString", "coordinates": [[77.21333333333334, 28.619333333333334], [77.21333333333334, 28.620666666666665]]}}, {"type": "Feature", "properties": {"id": 1110, "highway": "primary"}, "geometry": {"type": "LineString", "coordinates": [[77.21333333333334, 28.620666666666665], [77.21333333333334, 28.622]]}}, {"type": "Feature", "properties": {"id": 1111, "highway": "primary"}, "geometry": {"type": "LineString", "coordinates": [[77.21333333333334, 28.622], [77.21333333333334, 28.62333333333333]]}}, {"type": "Feature", "properties": {"id": 1112, "highway": "primary"}, "geometry": {"type": "LineString", "coordinates": [[77.21333333333334, 28.62333333333333], [77.21333333333334, 28.624666666666666]]}}, {"type": "Feature", "properties": {"id": 1113, "highway": "primary"}, "geometry": {"type": "LineString", "coordinates": [[77.21333333333334, 28.624666666666666], [77.21333333333334, 28.625999999999998]]}}, {"type": "Feature", "properties": {"id": 1114, "highway": "primary"}, "geometry": {"type": "LineString", "coordinates": [[77.21333333333334, 28.625999999999998], [77.21333333333334, 28.627333333333333]]}}, {"type": "Feature", "properties": {"id": 1115, "highway": "primary"}, "geometry": {"type": "LineString", "coordinates": [[77.21333333333334, 28.627333333333333], [77.21333333333334, 28.628666666666664]]}}, {"type": "Feature", "properties": {"id": 1116, "highway": "primary"}, "geometry": {"type": "LineString", "coordinates": [[77.21333333333334, 28.628666666666664], [77.21333333333334, 28.63]]}}, {"type": "Feature", "properties": {"id": 1117, "highway": "primary"}, "geometry": {"type": "LineString", "coordinates": [[77.21333333333334, 28.63], [77.21333333333334, 28.631333333333334]]}}, {"type": "Feature", "properties": {"id": 1118, "highway": "primary"}, "geometry": {"type": "LineString", "coordinates": [[77.21333333333334, 28.631333333333334], [77.21333333333334, 28.632666666666665]]}}, {"type": "Feature", "properties": {"id": 1119, "highway": "primary"}, "geometry": {"type": "LineString", "coordinates": [[77.21333333333334, 28.632666666666665], [77.21333333333334, 28.634]]}}, {"type": "Feature", "properties": {"id": 1120, "highway": "primary"}, "geometry": {"type": "LineString", "coordinates": [[77.21333333333334, 28.634], [77.21333333333334, 28.63533333333333]]}}, {"type": "Feature", "properties": {"id": 1121, "highway": "primary"}, "geometry": {"type": "LineString", "coordinates": [[77.21333333333334, 28.63533333333333], [77.21333333333334, 28.636666666666667]]}}, {"type": "Feature", "properties": {"id": 1122, "highway": "primary"}, "geometry": {"type": "LineString", "coordinates": [[77.21333333333334, 28.636666666666667], [77.21333333333334, 28.637999999999998]]}}, {"type": "Feature", "properties": {"id": 1123, "highway": "primary"}, "geometry": {"type": "LineString", "coordinates": [[77.21333333333334, 28.637999999999998], [77.21333333333334, 28.639333333333333]]}}, {"type": "Feature", "properties": {"id": 1124, "highway": "primary"}, "geometry": {"type": "LineString", "coordinates": [[77.21333333333334, 28.639333333333333], [77.21333333333334, 28.640666666666664]]}}, {"type": "Feature", "properties": {"id": 1125, "highway": "primary"}, "geometry": {"type": "LineString", "coordinates": [[77.21333333333334, 28.640666666666664], [77.21333333333334, 28.642]]}}, {"type": "Feature", "properties": {"id": 1126, "highway": "primary"}, "geometry": {"type": "LineString", "coordinates": [[77.21333333333334, 28.642], [77.21333333333334, 28.64333333333333]]}}, {"type": "Feature", "properties": {"id": 1127, "highway": "primary"}, "geometry": {"type": "LineString", "coordinates": [[77.21333333333334, 28.64333333333333], [77.21333333333334, 28.644666666666666]]}}, {"type": "Feature", "properties": {"id": 1128, "highway": "primary"}, "geometry": {"type": "LineString", "coordinates": [[77.21333333333334, 28.644666666666666], [77.21333333333334, 28.645999999999997]]}}, {"type": "Feature", "properties": {"id": 1129, "highway": "primary"}, "geometry": {"type": "LineString", "coordinates": [[77.21333333333334, 28.645999999999997], [77.21333333333334, 28.647333333333332]]}}, {"type": "Feature", "properties": {"id": 1130, "highway": "primary"}, "geometry": {"type": "LineString", "coordinates": [[77.21333333333334, 28.647333333333332], [77.21333333333334, 28.648666666666664]]}}, {"type": "Feature", "properties": {"id": 1131, "highway": "primary"}, "geometry": {"type": "LineString", "coordinates": [[77.215, 28.61], [77.215, 28.611333333333334]]}}, {"type": "Feature", "properties": {"id": 1132, "highway": "primary"}, "geometry": {"type": "LineString", "coordinates": [[77.215, 28.611333333333334], [77.215, 28.612666666666666]]}}, {"type": "Feature", "properties": {"id": 1133, "highway": "primary"}, "geometry": {"type": "LineString", "coordinates": [[77.215, 28.612666666666666], [77.215, 28.614]]}}, {"type": "Feature", "properties": {"id": 1134, "highway": "primary"}, "geometry": {"type": "LineString", "coordinates": [[77.215, 28.614], [77.215, 28.615333333333332]]}}, {"type": "Feature", "properties": {"id": 1135, "highway": "primary"}, "geometry": {"type": "LineString", "coordinates": [[77.215, 28.615333333333332], [77.215, 28.616666666666667]]}}, {"type": "Feature", "properties": {"id": 1136, "highway": "primary"}, "geometry": {"type": "LineString", "coordinates": [[77.215, 28.616666666666667], [77.215, 28.618]]}}, {"type": "Feature", "properties": {"id": 1137, "highway": "primary"}, "geometry": {"type": "LineString", "coordinates": [[77.215, 28.618], [77.215, 28.619333333333334]]}}, {"type": "Feature", "properties": {"id": 1138, "highway": "primary"}, "geometry": {"type": "LineString", "coordinates": [[77.215, 28.619333333333334], [77.215, 28.620666666666665]]}}, {"type": "Feature", "properties": {"id": 1139, "highway": "primary"}, "geometry": {"type": "LineString", "coordinates": [[77.215, 28.620666666666665], [77.215, 28.622]]}}, {"type": "Feature", "properties": {"id": 1140, "highway": "primary"}, "geometry": {"type": "LineString", "coordinates": [[77.215, 28.622], [77.215, 28.62333333333333]]}}, {"type": "Feature", "properties": {"id": 1141, "highway": "primary"}, "geometry": {"type": "LineString", "coordinates": [[77.215, 28.62333333333333], [77.215, 28.624666666666666]]}}, {"type": "Feature", "properties": {"id": 1142, "highway": "primary"}, "geometry": {"type": "LineString", "coordinates": [[77.215, 28.624666666666666], [77.215, 28.625999999999998]]}}, {"type": "Feature", "properties": {"id": 1143, "highway": "primary"}, "geometry": {"type": "LineString", "coordinates": [[77.215, 28.625999999999998], [77.215, 28.627333333333333]]}}, {"type": "Feature", "properties": {"id": 1144, "highway": "primary"}, "geometry": {"type": "LineString", "coordinates": [[77.215, 28.627333333333333], [77.215, 28.628666666666664]]}}, {"type": "Feature", "properties": {"id": 1145, "highway": "primary"}, "geometry": {"type": "LineString", "coordinates": [[77.215, 28.628666666666664], [77.215, 28.63]]}}, {"type": "Feature", "properties": {"id": 1146, "highway": "primary"}, "geometry": {"type": "LineString", "coordinates": [[77.215, 28.63], [77.215, 28.631333333333334]]}}, {"type": "Feature", "properties": {"id": 1147, "highway": "primary"}, "geometry": {"type": "LineString", "coordinates": [[77.215, 28.631333333333334], [77.215, 28.632666666666665]]}}, {"type": "Feature", "properties": {"id": 1148, "highway": "primary"}, "geometry": {"type": "LineString", "coordinates": [[77.215, 28.632666666666665], [77.215, 28.634]]}}, {"type": "Feature", "properties": {"id": 1149, "highway": "primary"}, "geometry": {"type": "LineString", "coordinates": [[77.215, 28.634], [77.215, 28.63533333333333]]}}, {"type": "Feature", "properties": {"id": 1150, "highway": "primary"}, "geometry": {"type": "LineString", "coordinates": [[77.215, 28.63533333333333], [77.215, 28.636666666666667]]}}, {"type": "Feature", "properties": {"id": 1151, "highway": "primary"}, "geometry": {"type": "LineString", "coordinates": [[77.215, 28.636666666666667], [77.215, 28.637999999999998]]}}, {"type": "Feature", "properties": {"id": 1152, "highway": "primary"}, "geometry": {"type": "LineString", "coordinates": [[77.215, 28.637999999999998], [77.215, 28.639333333333333]]}}, {"type": "Feature", "properties": {"id": 1153, "highway": "primary"}, "geometry": {"type": "LineString", "coordinates": [[77.215, 28.639333333333333], [77.215, 28.640666666666664]]}}, {"type": "Feature", "properties": {"id": 1154, "highway": "primary"}, "geometry": {"type": "LineString", "coordinates": [[77.215, 28.640666666666664], [77.215, 28.642]]}}, {"type": "Feature", "properties": {"id": 1155, "highway": "primary"}, "geometry": {"type": "LineString", "coordinates": [[77.215, 28.642], [77.215, 28.64333333333333]]}}, {"type": "Feature", "properties": {"id": 1156, "highway": "primary"}, "geometry": {"type": "LineString", "coordinates": [[77.215, 28.64333333333333], [77.215, 28.644666666666666]]}}, {"type": "Feature", "properties": {"id": 1157, "highway": "primary"}, "geometry": {"type": "LineString", "coordinates": [[77.215, 28.644666666666666], [77.215, 28.645999999999997]]}}, {"type": "Feature", "properties": {"id": 1158, "highway": "primary"}, "geometry": {"type": "LineString", "coordinates": [[77.215, 28.645999999999997], [77.215, 28.647333333333332]]}}, {"type": "Feature", "properties": {"id": 1159, "highway": "primary"}, "geometry": {"type": "LineString", "coordinates": [[77.215, 28.647333333333332], [77.215, 28.648666666666664]]}}, {"type": "Feature", "properties": {"id": 1160, "highway": "primary"}, "geometry": {"type": "LineString", "coordinates": [[77.21666666666667, 28.61], [77.21666666666667, 28.611333333333334]]}}, {"type": "Feature", "properties": {"id": 1161, "highway": "primary"}, "geometry": {"type": "LineString", "coordinates": [[77.21666666666667, 28.611333333333334], [77.21666666666667, 28.612666666666666]]}}, {"type": "Feature", "properties": {"id": 1162, "highway": "primary"}, "geometry": {"type": "LineString", "coordinates": [[77.21666666666667, 28.612666666666666], [77.21666666666667, 28.614]]}}, {"type": "Feature", "properties": {"id": 1163, "highway": "primary"}, "geometry": {"type": "LineString", "coordinates": [[77.21666666666667, 28.614], [77.21666666666667, 28.615333333333332]]}}, {"type": "Feature", "properties": {"id": 1164, "highway": "primary"}, "geometry": {"type": "LineString", "coordinates": [[77.21666666666667, 28.615333333333332], [77.21666666666667, 28.616666666666667]]}}, {"type": "Feature", "properties": {"id": 1165, "highway": "primary"}, "geometry": {"type": "LineString", "coordinates": [[77.21666666666667, 28.616666666666667], [77.21666666666667, 28.618]]}}, {"type": "Feature", "properties": {"id": 1166, "highway": "primary"}, "geometry": {"type": "LineString", "coordinates": [[77.21666666666667, 28.618], [77.21666666666667, 28.619333333333334]]}}, {"type": "Feature", "properties": {"id": 1167, "highway": "primary"}, "geometry": {"type": "LineString", "coordinates": [[77.21666666666667, 28.619333333333334], [77.21666666666667, 28.620666666666665]]}}, {"type": "Feature", "properties": {"id": 1168, "highway": "primary"}, "geometry": {"type": "LineString", "coordinates": [[77.21666666666667, 28.620666666666665], [77.21666666666667, 28.622]]}}, {"type": "Feature", "properties": {"id": 1169, "highway": "primary"}, "geometry": {"type": "LineString", "coordinates": [[77.21666666666667, 28.622], [77.21666666666667, 28.62333333333333]]}}, {"type": "Feature", "properties": {"id": 1170, "highway": "primary"}, "geometry": {"type": "LineString", "coordinates": [[77.21666666666667, 28.62333333333333], [77.21666666666667, 28.624666666666666]]}}, {"type": "Feature", "properties": {"id": 1171, "highway": "primary"}, "geometry": {"type": "LineString", "coordinates": [[77.21666666666667, 28.624666666666666], [77.21666666666667, 28.625999999999998]]}}, {"type": "Feature", "properties": {"id": 1172, "highway": "primary"}, "geometry": {"type": "LineString", "coordinates": [[77.21666666666667, 28.625999999999998], [77.21666666666667, 28.627333333333333]]}}, {"type": "Feature", "properties": {"id": 1173, "highway": "primary"}, "geometry": {"type": "LineString", "coordinates": [[77.21666666666667, 28.627333333333333], [77.21666666666667, 28.628666666666664]]}}, {"type": "Feature", "properties": {"id": 1174, "highway": "primary"}, "geometry": {"type": "LineString", "coordinates": [[77.21666666666667, 28.628666666666664], [77.21666666666667, 28.63]]}}, {"type": "Feature", "properties": {"id": 1175, "highway": "primary"}, "geometry": {"type": "LineString", "coordinates": [[77.21666666666667, 28.63], [77.21666666666667, 28.631333333333334]]}}, {"type": "Feature", "properties": {"id": 1176, "highway": "primary"}, "geometry": {"type": "LineString", "coordinates": [[77.21666666666667, 28.631333333333334], [77.21666666666667, 28.632666666666665]]}}, {"type": "Feature", "properties": {"id": 1177, "highway": "primary"}, "geometry": {"type": "LineString", "coordinates": [[77.21666666666667, 28.632666666666665], [77.21666666666667, 28.634]]}}, {"type": "Feature", "properties": {"id": 1178, "highway": "primary"}, "geometry": {"type": "LineString", "coordinates": [[77.21666666666667, 28.634], [77.21666666666667, 28.63533333333333]]}}, {"type": "Feature", "properties": {"id": 1179, "highway": "primary"}, "geometry": {"type": "LineString", "coordinates": [[77.21666666666667, 28.63533333333333], [77.21666666666667, 28.636666666666667]]}}, {"type": "Feature", "properties": {"id": 1180, "highway": "primary"}, "geometry": {"type": "LineString", "coordinates": [[77.21666666666667, 28.636666666666667], [77.21666666666667, 28.637999999999998]]}}, {"type": "Feature", "properties": {"id": 1181, "highway": "primary"}, "geometry": {"type": "LineString", "coordinates": [[77.21666666666667, 28.637999999999998], [77.21666666666667, 28.639333333333333]]}}, {"type": "Feature", "properties": {"id": 1182, "highway": "primary"}, "geometry": {"type": "LineString", "coordinates": [[77.21666666666667, 28.639333333333333], [77.21666666666667, 28.640666666666664]]}}, {"type": "Feature", "properties": {"id": 1183, "highway": "primary"}, "geometry": {"type": "LineString", "coordinates": [[77.21666666666667, 28.640666666666664], [77.21666666666667, 28.642]]}}, {"type": "Feature", "properties": {"id": 1184, "highway": "primary"}, "geometry": {"type": "LineString", "coordinates": [[77.21666666666667, 28.642], [77.21666666666667, 28.64333333333333]]}}, {"type": "Feature", "properties": {"id": 1185, "highway": "primary"}, "geometry": {"type": "LineString", "coordinates": [[77.21666666666667, 28.64333333333333], [77.21666666666667, 28.644666666666666]]}}, {"type": "Feature", "properties": {"id": 1186, "highway": "primary"}, "geometry": {"type": "LineString", "coordinates": [[77.21666666666667, 28.644666666666666], [77.21666666666667, 28.645999999999997]]}}, {"type": "Feature", "properties": {"id": 1187, "highway": "primary"}, "geometry": {"type": "LineString", "coordinates": [[77.21666666666667, 28.645999999999997], [77.21666666666667, 28.647333333333332]]}}, {"type": "Feature", "properties": {"id": 1188, "highway": "primary"}, "geometry": {"type": "LineString", "coordinates": [[77.21666666666667, 28.647333333333332], [77.21666666666667, 28.648666666666664]]}}, {"type": "Feature", "properties": {"id": 1189, "highway": "primary"}, "geometry": {"type": "LineString", "coordinates": [[77.21833333333333, 28.61], [77.21833333333333, 28.611333333333334]]}}, {"type": "Feature", "properties": {"id": 1190, "highway": "primary"}, "geometry": {"type": "LineString", "coordinates": [[77.21833333333333, 28.611333333333334], [77.21833333333333, 28.612666666666666]]}}, {"type": "Feature", "properties": {"id": 1191, "highway": "primary"}, "geometry": {"type": "LineString", "coordinates": [[77.21833333333333, 28.612666666666666], [77.21833333333333, 28.614]]}}, {"type": "Feature", "properties": {"id": 1192, "highway": "primary"}, "geometry": {"type": "LineString", "coordinates": [[77.21833333333333, 28.614], [77.21833333333333, 28.615333333333332]]}}, {"type": "Feature", "properties": {"id": 1193, "highway": "primary"}, "geometry": {"type": "LineString", "coordinates": [[77.21833333333333, 28.615333333333332], [77.21833333333333, 28.616666666666667]]}}, {"type": "Feature", "properties": {"id": 1194, "highway": "primary"}, "geometry": {"type": "LineString", "coordinates": [[77.21833333333333, 28.616666666666667], [77.21833333333333, 28.618]]}}, {"type": "Feature", "properties": {"id": 1195, "highway": "primary"}, "geometry": {"type": "LineString", "coordinates": [[77.21833333333333, 28.618], [77.21833333333333, 28.619333333333334]]}}, {"type": "Feature", "properties": {"id": 1196, "highway": "primary"}, "geometry": {"type": "LineString", "coordinates": [[77.21833333333333, 28.619333333333334], [77.21833333333333, 28.620666666666665]]}}, {"type": "Feature", "properties": {"id": 1197, "highway": "primary"}, "geometry": {"type": "LineString", "coordinates": [[77.21833333333333, 28.620666666666665], [77.21833333333333, 28.622]]}}, {"type": "Feature", "properties": {"id": 1198, "highway": "primary"}, "geometry": {"type": "LineString", "coordinates": [[77.21833333333333, 28.622], [77.21833333333333, 28.62333333333333]]}}, {"type": "Feature", "properties": {"id": 1199, "highway": "primary"}, "geometry": {"type": "LineString", "coordinates": [[77.21833333333333, 28.62333333333333], [77.21833333333333, 28.624666666666666]]}}, {"type": "Feature", "properties": {"id": 1200, "highway": "primary"}, "geometry": {"type": "LineString", "coordinates": [[77.21833333333333, 28.624666666666666], [77.21833333333333, 28.625999999999998]]}}, {"type": "Feature", "properties": {"id": 1201, "highway": "primary"}, "geometry": {"type": "LineString", "coordinates": [[77.21833333333333, 28.625999999999998], [77.21833333333333, 28.627333333333333]]}}, {"type": "Feature", "properties": {"id": 1202, "highway": "primary"}, "geometry": {"type": "LineString", "coordinates": [[77.21833333333333, 28.627333333333333], [77.21833333333333, 28.628666666666664]]}}, {"type": "Feature", "properties": {"id": 1203, "highway": "primary"}, "geometry": {"type": "LineString", "coordinates": [[77.21833333333333, 28.628666666666664], [77.21833333333333, 28.63]]}}, {"type": "Feature", "properties": {"id": 1204, "highway": "primary"}, "geometry": {"type": "LineString", "coordinates": [[77.21833333333333, 28.63], [77.21833333333333, 28.631333333333334]]}}, {"type": "Feature", "properties": {"id": 1205, "highway": "primary"}, "geometry": {"type": "LineString", "coordinates": [[77.21833333333333, 28.631333333333334], [77.21833333333333, 28.632666666666665]]}}, {"type": "Feature", "properties": {"id": 1206, "highway": "primary"}, "geometry": {"type": "LineString", "coordinates": [[77.21833333333333, 28.632666666666665], [77.21833333333333, 28.634]]}}, {"type": "Feature", "properties": {"id": 1207, "highway": "primary"}, "geometry": {"type": "LineString", "coordinates": [[77.21833333333333, 28.634], [77.21833333333333, 28.63533333333333]]}}, {"type": "Feature", "properties": {"id": 1208, "highway": "primary"}, "geometry": {"type": "LineString", "coordinates": [[77.21833333333333, 28.63533333333333], [77.21833333333333, 28.636666666666667]]}}, {"type": "Feature", "properties": {"id": 1209, "highway": "primary"}, "geometry": {"type": "LineString", "coordinates": [[77.21833333333333, 28.636666666666667], [77.21833333333333, 28.637999999999998]]}}, {"type": "Feature", "properties": {"id": 1210, "highway": "primary"}, "geometry": {"type": "LineString", "coordinates": [[77.21833333333333, 28.637999999999998], [77.21833333333333, 28.639333333333333]]}}, {"type": "Feature", "properties": {"id": 1211, "highway": "primary"}, "geometry": {"type": "LineString", "coordinates": [[77.21833333333333, 28.639333333333333], [77.21833333333333, 28.640666666666664]]}}, {"type": "Feature", "properties": {"id": 1212, "highway": "primary"}, "geometry": {"type": "LineString", "coordinates": [[77.21833333333333, 28.640666666666664], [77.21833333333333, 28.642]]}}, {"type": "Feature", "properties": {"id": 1213, "highway": "primary"}, "geometry": {"type": "LineString", "coordinates": [[77.21833333333333, 28.642], [77.21833333333333, 28.64333333333333]]}}, {"type": "Feature", "properties": {"id": 1214, "highway": "primary"}, "geometry": {"type": "LineString", "coordinates": [[77.21833333333333, 28.64333333333333], [77.21833333333333, 28.644666666666666]]}}, {"type": "Feature", "properties": {"id": 1215, "highway": "primary"}, "geometry": {"type": "LineString", "coordinates": [[77.21833333333333, 28.644666666666666], [77.21833333333333, 28.645999999999997]]}}, {"type": "Feature", "properties": {"id": 1216, "highway": "primary"}, "geometry": {"type": "LineString", "coordinates": [[77.21833333333333, 28.645999999999997], [77.21833333333333, 28.647333333333332]]}}, {"type": "Feature", "properties": {"id": 1217, "highway": "primary"}, "geometry": {"type": "LineString", "coordinates": [[77.21833333333333, 28.647333333333332], [77.21833333333333, 28.648666666666664]]}}, {"type": "Feature", "properties": {"id": 1218, "highway": "primary"}, "geometry": {"type": "LineString", "coordinates": [[77.22, 28.61], [77.22, 28.611333333333334]]}}, {"type": "Feature", "properties": {"id": 1219, "highway": "primary"}, "geometry": {"type": "LineString", "coordinates": [[77.22, 28.611333333333334], [77.22, 28.612666666666666]]}}, {"type": "Feature", "properties": {"id": 1220, "highway": "primary"}, "geometry": {"type": "LineString", "coordinates": [[77.22, 28.612666666666666], [77.22, 28.614]]}}, {"type": "Feature", "properties": {"id": 1221, "highway": "primary"}, "geometry": {"type": "LineString", "coordinates": [[77.22, 28.614], [77.22, 28.615333333333332]]}}, {"type": "Feature", "properties": {"id": 1222, "highway": "primary"}, "geometry": {"type": "LineString", "coordinates": [[77.22, 28.615333333333332], [77.22, 28.616666666666667]]}}, {"type": "Feature", "properties": {"id": 1223, "highway": "primary"}, "geometry": {"type": "LineString", "coordinates": [[77.22, 28.616666666666667], [77.22, 28.618]]}}, {"type": "Feature", "properties": {"id": 1224, "highway": "primary"}, "geometry": {"type": "LineString", "coordinates": [[77.22, 28.618], [77.22, 28.619333333333334]]}}, {"type": "Feature", "properties": {"id": 1225, "highway": "primary"}, "geometry": {"type": "LineString", "coordinates": [[77.22, 28.619333333333334], [77.22, 28.620666666666665]]}}, {"type": "Feature", "properties": {"id": 1226, "highway": "primary"}, "geometry": {"type": "LineString", "coordinates": [[77.22, 28.620666666666665], [77.22, 28.622]]}}, {"type": "Feature", "properties": {"id": 1227, "highway": "primary"}, "geometry": {"type": "LineString", "coordinates": [[77.22, 28.622], [77.22, 28.62333333333333]]}}, {"type": "Feature", "properties": {"id": 1228, "highway": "primary"}, "geometry": {"type": "LineString", "coordinates": [[77.22, 28.62333333333333], [77.22, 28.624666666666666]]}}, {"type": "Feature", "properties": {"id": 1229, "highway": "primary"}, "geometry": {"type": "LineString", "coordinates": [[77.22, 28.624666666666666], [77.22, 28.625999999999998]]}}, {"type": "Feature", "properties": {"id": 1230, "highway": "primary"}, "geometry": {"type": "LineString", "coordinates": [[77.22, 28.625999999999998], [77.22, 28.627333333333333]]}}, {"type": "Feature", "properties": {"id": 1231, "highway": "primary"}, "geometry": {"type": "LineString", "coordinates": [[77.22, 28.627333333333333], [77.22, 28.628666666666664]]}}, {"type": "Feature", "properties": {"id": 1232, "highway": "primary"}, "geometry": {"type": "LineString", "coordinates": [[77.22, 28.628666666666664], [77.22, 28.63]]}}, {"type": "Feature", "properties": {"id": 1233, "highway": "primary"}, "geometry": {"type": "LineString", "coordinates": [[77.22, 28.63], [77.22, 28.631333333333334]]}}, {"type": "Feature", "properties": {"id": 1234, "highway": "primary"}, "geometry": {"type": "LineString", "coordinates": [[77.22, 28.631333333333334], [77.22, 28.632666666666665]]}}, {"type": "Feature", "properties": {"id": 1235, "highway": "primary"}, "geometry": {"type": "LineString", "coordinates": [[77.22, 28.632666666666665], [77.22, 28.634]]}}, {"type": "Feature", "properties": {"id": 1236, "highway": "primary"}, "geometry": {"type": "LineString", "coordinates": [[77.22, 28.634], [77.22, 28.63533333333333]]}}, {"type": "Feature", "properties": {"id": 1237, "highway": "primary"}, "geometry": {"type": "LineString", "coordinates": [[77.22, 28.63533333333333], [77.22, 28.636666666666667]]}}, {"type": "Feature", "properties": {"id": 1238, "highway": "primary"}, "geometry": {"type": "LineString", "coordinates": [[77.22, 28.636666666666667], [77.22, 28.637999999999998]]}}, {"type": "Feature", "properties": {"id": 1239, "highway": "primary"}, "geometry": {"type": "LineString", "coordinates": [[77.22, 28.637999999999998], [77.22, 28.639333333333333]]}}, {"type": "Feature", "properties": {"id": 1240, "highway": "primary"}, "geometry": {"type": "LineString", "coordinates": [[77.22, 28.639333333333333], [77.22, 28.640666666666664]]}}, {"type": "Feature", "properties": {"id": 1241, "highway": "primary"}, "geometry": {"type": "LineString", "coordinates": [[77.22, 28.640666666666664], [77.22, 28.642]]}}, {"type": "Feature", "properties": {"id": 1242, "highway": "primary"}, "geometry": {"type": "LineString", "coordinates": [[77.22, 28.642], [77.22, 28.64333333333333]]}}, {"type": "Feature", "properties": {"id": 1243, "highway": "primary"}, "geometry": {"type": "LineString", "coordinates": [[77.22, 28.64333333333333], [77.22, 28.644666666666666]]}}, {"type": "Feature", "properties": {"id": 1244, "highway": "primary"}, "geometry": {"type": "LineString", "coordinates": [[77.22, 28.644666666666666], [77.22, 28.645999999999997]]}}, {"type": "Feature", "properties": {"id": 1245, "highway": "primary"}, "geometry": {"type": "LineString", "coordinates": [[77.22, 28.645999999999997], [77.22, 28.647333333333332]]}}, {"type": "Feature", "properties": {"id": 1246, "highway": "primary"}, "geometry": {"type": "LineString", "coordinates": [[77.22, 28.647333333333332], [77.22, 28.648666666666664]]}}, {"type": "Feature", "properties": {"id": 1247, "highway": "primary"}, "geometry": {"type": "LineString", "coordinates": [[77.22166666666666, 28.61], [77.22166666666666, 28.611333333333334]]}}, {"type": "Feature", "properties": {"id": 1248, "highway": "primary"}, "geometry": {"type": "LineString", "coordinates": [[77.22166666666666, 28.611333333333334], [77.22166666666666, 28.612666666666666]]}}, {"type": "Feature", "properties": {"id": 1249, "highway": "primary"}, "geometry": {"type": "LineString", "coordinates": [[77.22166666666666, 28.612666666666666], [77.22166666666666, 28.614]]}}, {"type": "Feature", "properties": {"id": 1250, "highway": "primary"}, "geometry": {"type": "LineString", "coordinates": [[77.22166666666666, 28.614], [77.22166666666666, 28.615333333333332]]}}, {"type": "Feature", "properties": {"id": 1251, "highway": "primary"}, "geometry": {"type": "LineString", "coordinates": [[77.22166666666666, 28.615333333333332], [77.22166666666666, 28.616666666666667]]}}, {"type": "Feature", "properties": {"id": 1252, "highway": "primary"}, "geometry": {"type": "LineString", "coordinates": [[77.22166666666666, 28.616666666666667], [77.22166666666666, 28.618]]}}, {"type": "Feature", "properties": {"id": 1253, "highway": "primary"}, "geometry": {"type": "LineString", "coordinates": [[77.22166666666666, 28.618], [77.22166666666666, 28.619333333333334]]}}, {"type": "Feature", "properties": {"id": 1254, "highway": "primary"}, "geometry": {"type": "LineString", "coordinates": [[77.22166666666666, 28.619333333333334], [77.22166666666666, 28.620666666666665]]}}, {"type": "Feature", "properties": {"id": 1255, "highway": "primary"}, "geometry": {"type": "LineString", "coordinates": [[77.22166666666666, 28.620666666666665], [77.22166666666666, 28.622]]}}, {"type": "Feature", "properties": {"id": 1256, "highway": "primary"}, "geometry": {"type": "LineString", "coordinates": [[77.22166666666666, 28.622], [77.22166666666666, 28.62333333333333]]}}, {"type": "Feature", "properties": {"id": 1257, "highway": "primary"}, "geometry": {"type": "LineString", "coordinates": [[77.22166666666666, 28.62333333333333], [77.22166666666666, 28.624666666666666]]}}, {"type": "Feature", "properties": {"id": 1258, "highway": "primary"}, "geometry": {"type": "LineString", "coordinates": [[77.22166666666666, 28.624666666666666], [77.22166666666666, 28.625999999999998]]}}, {"type": "Feature", "properties": {"id": 1259, "highway": "primary"}, "geometry": {"type": "LineString", "coordinates": [[77.22166666666666, 28.625999999999998], [77.22166666666666, 28.627333333333333]]}}, {"type": "Feature", "properties": {"id": 1260, "highway": "primary"}, "geometry": {"type": "LineString", "coordinates": [[77.22166666666666, 28.627333333333333], [77.22166666666666, 28.628666666666664]]}}, {"type": "Feature", "properties": {"id": 1261, "highway": "primary"}, "geometry": {"type": "LineString", "coordinates": [[77.22166666666666, 28.628666666666664], [77.22166666666666, 28.63]]}}, {"type": "Feature", "properties": {"id": 1262, "highway": "primary"}, "geometry": {"type": "LineString", "coordinates": [[77.22166666666666, 28.63], [77.22166666666666, 28.631333333333334]]}}, {"type": "Feature", "properties": {"id": 1263, "highway": "primary"}, "geometry": {"type": "LineString", "coordinates": [[77.22166666666666, 28.631333333333334], [77.22166666666666, 28.632666666666665]]}}, {"type": "Feature", "properties": {"id": 1264, "highway": "primary"}, "geometry": {"type": "LineString", "coordinates": [[77.22166666666666, 28.632666666666665], [77.22166666666666, 28.634]]}}, {"type": "Feature", "properties": {"id": 1265, "highway": "primary"}, "geometry": {"type": "LineString", "coordinates": [[77.22166666666666, 28.634], [77.22166666666666, 28.63533333333333]]}}, {"type": "Feature", "properties": {"id": 1266, "highway": "primary"}, "geometry": {"type": "LineString", "coordinates": [[77.22166666666666, 28.63533333333333], [77.22166666666666, 28.636666666666667]]}}, {"type": "Feature", "properties": {"id": 1267, "highway": "primary"}, "geometry": {"type": "LineString", "coordinates": [[77.22166666666666, 28.636666666666667], [77.22166666666666, 28.637999999999998]]}}, {"type": "Feature", "properties": {"id": 1268, "highway": "primary"}, "geometry": {"type": "LineString", "coordinates": [[77.22166666666666, 28.637999999999998], [77.22166666666666, 28.639333333333333]]}}, {"type": "Feature", "properties": {"id": 1269, "highway": "primary"}, "geometry": {"type": "LineString", "coordinates": [[77.22166666666666, 28.639333333333333], [77.22166666666666, 28.640666666666664]]}}, {"type": "Feature", "properties": {"id": 1270, "highway": "primary"}, "geometry": {"type": "LineString", "coordinates": [[77.22166666666666, 28.640666666666664], [77.22166666666666, 28.642]]}}, {"type": "Feature", "properties": {"id": 1271, "highway": "primary"}, "geometry": {"type": "LineString", "coordinates": [[77.22166666666666, 28.642], [77.22166666666666, 28.64333333333333]]}}, {"type": "Feature", "properties": {"id": 1272, "highway": "primary"}, "geometry": {"type": "LineString", "coordinates": [[77.22166666666666, 28.64333333333333], [77.22166666666666, 28.644666666666666]]}}, {"type": "Feature", "properties": {"id": 1273, "highway": "primary"}, "geometry": {"type": "LineString", "coordinates": [[77.22166666666666, 28.644666666666666], [77.22166666666666, 28.645999999999997]]}}, {"type": "Feature", "properties": {"id": 1274, "highway": "primary"}, "geometry": {"type": "LineString", "coordinates": [[77.22166666666666, 28.645999999999997], [77.22166666666666, 28.647333333333332]]}}, {"type": "Feature", "properties": {"id": 1275, "highway": "primary"}, "geometry": {"type": "LineString", "coordinates": [[77.22166666666666, 28.647333333333332], [77.22166666666666, 28.648666666666664]]}}, {"type": "Feature", "properties": {"id": 1276, "highway": "primary"}, "geometry": {"type": "LineString", "coordinates": [[77.22333333333333, 28.61], [77.22333333333333, 28.611333333333334]]}}, {"type": "Feature", "properties": {"id": 1277, "highway": "primary"}, "geometry": {"type": "LineString", "coordinates": [[77.22333333333333, 28.611333333333334], [77.22333333333333, 28.612666666666666]]}}, {"type": "Feature", "properties": {"id": 1278, "highway": "primary"}, "geometry": {"type": "LineString", "coordinates": [[77.22333333333333, 28.612666666666666], [77.22333333333333, 28.614]]}}, {"type": "Feature", "properties": {"id": 1279, "highway": "primary"}, "geometry": {"type": "LineString", "coordinates": [[77.22333333333333, 28.614], [77.22333333333333, 28.615333333333332]]}}, {"type": "Feature", "properties": {"id": 1280, "highway": "primary"}, "geometry": {"type": "LineString", "coordinates": [[77.22333333333333, 28.615333333333332], [77.22333333333333, 28.616666666666667]]}}, {"type": "Feature", "properties": {"id": 1281, "highway": "primary"}, "geometry": {"type": "LineString", "coordinates": [[77.22333333333333, 28.616666666666667], [77.22333333333333, 28.618]]}}, {"type": "Feature", "properties": {"id": 1282, "highway": "primary"}, "geometry": {"type": "LineString", "coordinates": [[77.22333333333333, 28.618], [77.22333333333333, 28.619333333333334]]}}, {"type": "Feature", "properties": {"id": 1283, "highway": "primary"}, "geometry": {"type": "LineString", "coordinates": [[77.22333333333333, 28.619333333333334], [77.22333333333333, 28.620666666666665]]}}, {"type": "Feature", "properties": {"id": 1284, "highway": "primary"}, "geometry": {"type": "LineString", "coordinates": [[77.22333333333333, 28.620666666666665], [77.22333333333333, 28.622]]}}, {"type": "Feature", "properties": {"id": 1285, "highway": "primary"}, "geometry": {"type": "LineString", "coordinates": [[77.22333333333333, 28.622], [77.22333333333333, 28.62333333333333]]}}, {"type": "Feature", "properties": {"id": 1286, "highway": "primary"}, "geometry": {"type": "LineString", "coordinates": [[77.22333333333333, 28.62333333333333], [77.22333333333333, 28.624666666666666]]}}, {"type": "Feature", "properties": {"id": 1287, "highway": "primary"}, "geometry": {"type": "LineString", "coordinates": [[77.22333333333333, 28.624666666666666], [77.22333333333333, 28.625999999999998]]}}, {"type": "Feature", "properties": {"id": 1288, "highway": "primary"}, "geometry": {"type": "LineString", "coordinates": [[77.22333333333333, 28.625999999999998], [77.22333333333333, 28.627333333333333]]}}, {"type": "Feature", "properties": {"id": 1289, "highway": "primary"}, "geometry": {"type": "LineString", "coordinates": [[77.22333333333333, 28.627333333333333], [77.22333333333333, 28.628666666666664]]}}, {"type": "Feature", "properties": {"id": 1290, "highway": "primary"}, "geometry": {"type": "LineString", "coordinates": [[77.22333333333333, 28.628666666666664], [77.22333333333333, 28.63]]}}, {"type": "Feature", "properties": {"id": 1291, "highway": "primary"}, "geometry": {"type": "LineString", "coordinates": [[77.22333333333333, 28.63], [77.22333333333333, 28.631333333333334]]}}, {"type": "Feature", "properties": {"id": 1292, "highway": "primary"}, "geometry": {"type": "LineString", "coordinates": [[77.22333333333333, 28.631333333333334], [77.22333333333333, 28.632666666666665]]}}, {"type": "Feature", "properties": {"id": 1293, "highway": "primary"}, "geometry": {"type": "LineString", "coordinates": [[77.22333333333333, 28.632666666666665], [77.22333333333333, 28.634]]}}, {"type": "Feature", "properties": {"id": 1294, "highway": "primary"}, "geometry": {"type": "LineString", "coordinates": [[77.22333333333333, 28.634], [77.22333333333333, 28.63533333333333]]}}, {"type": "Feature", "properties": {"id": 1295, "highway": "primary"}, "geometry": {"type": "LineString", "coordinates": [[77.22333333333333, 28.63533333333333], [77.22333333333333, 28.636666666666667]]}}, {"type": "Feature", "properties": {"id": 1296, "highway": "primary"}, "geometry": {"type": "LineString", "coordinates": [[77.22333333333333, 28.636666666666667], [77.22333333333333, 28.637999999999998]]}}, {"type": "Feature", "properties": {"id": 1297, "highway": "primary"}, "geometry": {"type": "LineString", "coordinates": [[77.22333333333333, 28.637999999999998], [77.22333333333333, 28.639333333333333]]}}, {"type": "Feature", "properties": {"id": 1298, "highway": "primary"}, "geometry": {"type": "LineString", "coordinates": [[77.22333333333333, 28.639333333333333], [77.22333333333333, 28.640666666666664]]}}, {"type": "Feature", "properties": {"id": 1299, "highway": "primary"}, "geometry": {"type": "LineString", "coordinates": [[77.22333333333333, 28.640666666666664], [77.22333333333333, 28.642]]}}, {"type": "Feature", "properties": {"id": 1300, "highway": "primary"}, "geometry": {"type": "LineString", "coordinates": [[77.22333333333333, 28.642], [77.22333333333333, 28.64333333333333]]}}, {"type": "Feature", "properties": {"id": 1301, "highway": "primary"}, "geometry": {"type": "LineString", "coordinates": [[77.22333333333333, 28.64333333333333], [77.22333333333333, 28.644666666666666]]}}, {"type": "Feature", "properties": {"id": 1302, "highway": "primary"}, "geometry": {"type": "LineString", "coordinates": [[77.22333333333333, 28.644666666666666], [77.22333333333333, 28.645999999999997]]}}, {"type": "Feature", "properties": {"id": 1303, "highway": "primary"}, "geometry": {"type": "LineString", "coordinates": [[77.22333333333333, 28.645999999999997], [77.22333333333333, 28.647333333333332]]}}, {"type": "Feature", "properties": {"id": 1304, "highway": "primary"}, "geometry": {"type": "LineString", "coordinates": [[77.22333333333333, 28.647333333333332], [77.22333333333333, 28.648666666666664]]}}, {"type": "Feature", "properties": {"id": 1305, "highway": "primary"}, "geometry": {"type": "LineString", "coordinates": [[77.225, 28.61], [77.225, 28.611333333333334]]}}, {"type": "Feature", "properties": {"id": 1306, "highway": "primary"}, "geometry": {"type": "LineString", "coordinates": [[77.225, 28.611333333333334], [77.225, 28.612666666666666]]}}, {"type": "Feature", "properties": {"id": 1307, "highway": "primary"}, "geometry": {"type": "LineString", "coordinates": [[77.225, 28.612666666666666], [77.225, 28.614]]}}, {"type": "Feature", "properties": {"id": 1308, "highway": "primary"}, "geometry": {"type": "LineString", "coordinates": [[77.225, 28.614], [77.225, 28.615333333333332]]}}, {"type": "Feature", "properties": {"id": 1309, "highway": "primary"}, "geometry": {"type": "LineString", "coordinates": [[77.225, 28.615333333333332], [77.225, 28.616666666666667]]}}, {"type": "Feature", "properties": {"id": 1310, "highway": "primary"}, "geometry": {"type": "LineString", "coordinates": [[77.225, 28.616666666666667], [77.225, 28.618]]}}, {"type": "Feature", "properties": {"id": 1311, "highway": "primary"}, "geometry": {"type": "LineString", "coordinates": [[77.225, 28.618], [77.225, 28.619333333333334]]}}, {"type": "Feature", "properties": {"id": 1312, "highway": "primary"}, "geometry": {"type": "LineString", "coordinates": [[77.225, 28.619333333333334], [77.225, 28.620666666666665]]}}, {"type": "Feature", "properties": {"id": 1313, "highway": "primary"}, "geometry": {"type": "LineString", "coordinates": [[77.225, 28.620666666666665], [77.225, 28.622]]}}, {"type": "Feature", "properties": {"id": 1314, "highway": "primary"}, "geometry": {"type": "LineString", "coordinates": [[77.225, 28.622], [77.225, 28.62333333333333]]}}, {"type": "Feature", "properties": {"id": 1315, "highway": "primary"}, "geometry": {"type": "LineString", "coordinates": [[77.225, 28.62333333333333], [77.225, 28.624666666666666]]}}, {"type": "Feature", "properties": {"id": 1316, "highway": "primary"}, "geometry": {"type": "LineString", "coordinates": [[77.225, 28.624666666666666], [77.225, 28.625999999999998]]}}, {"type": "Feature", "properties": {"id": 1317, "highway": "primary"}, "geometry": {"type": "LineString", "coordinates": [[77.225, 28.625999999999998], [77.225, 28.627333333333333]]}}, {"type": "Feature", "properties": {"id": 1318, "highway": "primary"}, "geometry": {"type": "LineString", "coordinates": [[77.225, 28.627333333333333], [77.225, 28.628666666666664]]}}, {"type": "Feature", "properties": {"id": 1319, "highway": "primary"}, "geometry": {"type": "LineString", "coordinates": [[77.225, 28.628666666666664], [77.225, 28.63]]}}, {"type": "Feature", "properties": {"id": 1320, "highway": "primary"}, "geometry": {"type": "LineString", "coordinates": [[77.225, 28.63], [77.225, 28.631333333333334]]}}, {"type": "Feature", "properties": {"id": 1321, "highway": "primary"}, "geometry": {"type": "LineString", "coordinates": [[77.225, 28.631333333333334], [77.225, 28.632666666666665]]}}, {"type": "Feature", "properties": {"id": 1322, "highway": "primary"}, "geometry": {"type": "LineString", "coordinates": [[77.225, 28.632666666666665], [77.225, 28.634]]}}, {"type": "Feature", "properties": {"id": 1323, "highway": "primary"}, "geometry": {"type": "LineString", "coordinates": [[77.225, 28.634], [77.225, 28.63533333333333]]}}, {"type": "Feature", "properties": {"id": 1324, "highway": "primary"}, "geometry": {"type": "LineString", "coordinates": [[77.225, 28.63533333333333], [77.225, 28.636666666666667]]}}, {"type": "Feature", "properties": {"id": 1325, "highway": "primary"}, "geometry": {"type": "LineString", "coordinates": [[77.225, 28.636666666666667], [77.225, 28.637999999999998]]}}, {"type": "Feature", "properties": {"id": 1326, "highway": "primary"}, "geometry": {"type": "LineString", "coordinates": [[77.225, 28.637999999999998], [77.225, 28.639333333333333]]}}, {"type": "Feature", "properties": {"id": 1327, "highway": "primary"}, "geometry": {"type": "LineString", "coordinates": [[77.225, 28.639333333333333], [77.225, 28.640666666666664]]}}, {"type": "Feature", "properties": {"id": 1328, "highway": "primary"}, "geometry": {"type": "LineString", "coordinates": [[77.225, 28.640666666666664], [77.225, 28.642]]}}, {"type": "Feature", "properties": {"id": 1329, "highway": "primary"}, "geometry": {"type": "LineString", "coordinates": [[77.225, 28.642], [77.225, 28.64333333333333]]}}, {"type": "Feature", "properties": {"id": 1330, "highway": "primary"}, "geometry": {"type": "LineString", "coordinates": [[77.225, 28.64333333333333], [77.225, 28.644666666666666]]}}, {"type": "Feature", "properties": {"id": 1331, "highway": "primary"}, "geometry": {"type": "LineString", "coordinates": [[77.225, 28.644666666666666], [77.225, 28.645999999999997]]}}, {"type": "Feature", "properties": {"id": 1332, "highway": "primary"}, "geometry": {"type": "LineString", "coordinates": [[77.225, 28.645999999999997], [77.225, 28.647333333333332]]}}, {"type": "Feature", "properties": {"id": 1333, "highway": "primary"}, "geometry": {"type": "LineString", "coordinates": [[77.225, 28.647333333333332], [77.225, 28.648666666666664]]}}, {"type": "Feature", "properties": {"id": 1334, "highway": "primary"}, "geometry": {"type": "LineString", "coordinates": [[77.22666666666667, 28.61], [77.22666666666667, 28.611333333333334]]}}, {"type": "Feature", "properties": {"id": 1335, "highway": "primary"}, "geometry": {"type": "LineString", "coordinates": [[77.22666666666667, 28.611333333333334], [77.22666666666667, 28.612666666666666]]}}, {"type": "Feature", "properties": {"id": 1336, "highway": "primary"}, "geometry": {"type": "LineString", "coordinates": [[77.22666666666667, 28.612666666666666], [77.22666666666667, 28.614]]}}, {"type": "Feature", "properties": {"id": 1337, "highway": "primary"}, "geometry": {"type": "LineString", "coordinates": [[77.22666666666667, 28.614], [77.22666666666667, 28.615333333333332]]}}, {"type": "Feature", "properties": {"id": 1338, "highway": "primary"}, "geometry": {"type": "LineString", "coordinates": [[77.22666666666667, 28.615333333333332], [77.22666666666667, 28.616666666666667]]}}, {"type": "Feature", "properties": {"id": 1339, "highway": "primary"}, "geometry": {"type": "LineString", "coordinates": [[77.22666666666667, 28.616666666666667], [77.22666666666667, 28.618]]}}, {"type": "Feature", "properties": {"id": 1340, "highway": "primary"}, "geometry": {"type": "LineString", "coordinates": [[77.22666666666667, 28.618], [77.22666666666667, 28.619333333333334]]}}, {"type": "Feature", "properties": {"id": 1341, "highway": "primary"}, "geometry": {"type": "LineString", "coordinates": [[77.22666666666667, 28.619333333333334], [77.22666666666667, 28.620666666666665]]}}, {"type": "Feature", "properties": {"id": 1342, "highway": "primary"}, "geometry": {"type": "LineString", "coordinates": [[77.22666666666667, 28.620666666666665], [77.22666666666667, 28.622]]}}, {"type": "Feature", "properties": {"id": 1343, "highway": "primary"}, "geometry": {"type": "LineString", "coordinates": [[77.22666666666667, 28.622], [77.22666666666667, 28.62333333333333]]}}, {"type": "Feature", "properties": {"id": 1344, "highway": "primary"}, "geometry": {"type": "LineString", "coordinates": [[77.22666666666667, 28.62333333333333], [77.22666666666667, 28.624666666666666]]}}, {"type": "Feature", "properties": {"id": 1345, "highway": "primary"}, "geometry": {"type": "LineString", "coordinates": [[77.22666666666667, 28.624666666666666], [77.22666666666667, 28.625999999999998]]}}, {"type": "Feature", "properties": {"id": 1346, "highway": "primary"}, "geometry": {"type": "LineString", "coordinates": [[77.22666666666667, 28.625999999999998], [77.22666666666667, 28.627333333333333]]}}, {"type": "Feature", "properties": {"id": 1347, "highway": "primary"}, "geometry": {"type": "LineString", "coordinates": [[77.22666666666667, 28.627333333333333], [77.22666666666667, 28.628666666666664]]}}, {"type": "Feature", "properties": {"id": 1348, "highway": "primary"}, "geometry": {"type": "LineString", "coordinates": [[77.22666666666667, 28.628666666666664], [77.22666666666667, 28.63]]}}, {"type": "Feature", "properties": {"id": 1349, "highway": "primary"}, "geometry": {"type": "LineString", "coordinates": [[77.22666666666667, 28.63], [77.22666666666667, 28.631333333333334]]}}, {"type": "Feature", "properties": {"id": 1350, "highway": "primary"}, "geometry": {"type": "LineString", "coordinates": [[77.22666666666667, 28.631333333333334], [77.22666666666667, 28.632666666666665]]}}, {"type": "Feature", "properties": {"id": 1351, "highway": "primary"}, "geometry": {"type": "LineString", "coordinates": [[77.22666666666667, 28.632666666666665], [77.22666666666667, 28.634]]}}, {"type": "Feature", "properties": {"id": 1352, "highway": "primary"}, "geometry": {"type": "LineString", "coordinates": [[77.22666666666667, 28.634], [77.22666666666667, 28.63533333333333]]}}, {"type": "Feature", "properties": {"id": 1353, "highway": "primary"}, "geometry": {"type": "LineString", "coordinates": [[77.22666666666667, 28.63533333333333], [77.22666666666667, 28.636666666666667]]}}, {"type": "Feature", "properties": {"id": 1354, "highway": "primary"}, "geometry": {"type": "LineString", "coordinates": [[77.22666666666667, 28.636666666666667], [77.22666666666667, 28.637999999999998]]}}, {"type": "Feature", "properties": {"id": 1355, "highway": "primary"}, "geometry": {"type": "LineString", "coordinates": [[77.22666666666667, 28.637999999999998], [77.22666666666667, 28.639333333333333]]}}, {"type": "Feature", "properties": {"id": 1356, "highway": "primary"}, "geometry": {"type": "LineString", "coordinates": [[77.22666666666667, 28.639333333333333], [77.22666666666667, 28.640666666666664]]}}, {"type": "Feature", "properties": {"id": 1357, "highway": "primary"}, "geometry": {"type": "LineString", "coordinates": [[77.22666666666667, 28.640666666666664], [77.22666666666667, 28.642]]}}, {"type": "Feature", "properties": {"id": 1358, "highway": "primary"}, "geometry": {"type": "LineString", "coordinates": [[77.22666666666667, 28.642], [77.22666666666667, 28.64333333333333]]}}, {"type": "Feature", "properties": {"id": 1359, "highway": "primary"}, "geometry": {"type": "LineString", "coordinates": [[77.22666666666667, 28.64333333333333], [77.22666666666667, 28.644666666666666]]}}, {"type": "Feature", "properties": {"id": 1360, "highway": "primary"}, "geometry": {"type": "LineString", "coordinates": [[77.22666666666667, 28.644666666666666], [77.22666666666667, 28.645999999999997]]}}, {"type": "Feature", "properties": {"id": 1361, "highway": "primary"}, "geometry": {"type": "LineString", "coordinates": [[77.22666666666667, 28.645999999999997], [77.22666666666667, 28.647333333333332]]}}, {"type": "Feature", "properties": {"id": 1362, "highway": "primary"}, "geometry": {"type": "LineString", "coordinates": [[77.22666666666667, 28.647333333333332], [77.22666666666667, 28.648666666666664]]}}, {"type": "Feature", "properties": {"id": 1363, "highway": "primary"}, "geometry": {"type": "LineString", "coordinates": [[77.22833333333334, 28.61], [77.22833333333334, 28.611333333333334]]}}, {"type": "Feature", "properties": {"id": 1364, "highway": "primary"}, "geometry": {"type": "LineString", "coordinates": [[77.22833333333334, 28.611333333333334], [77.22833333333334, 28.612666666666666]]}}, {"type": "Feature", "properties": {"id": 1365, "highway": "primary"}, "geometry": {"type": "LineString", "coordinates": [[77.22833333333334, 28.612666666666666], [77.22833333333334, 28.614]]}}, {"type": "Feature", "properties": {"id": 1366, "highway": "primary"}, "geometry": {"type": "LineString", "coordinates": [[77.22833333333334, 28.614], [77.22833333333334, 28.615333333333332]]}}, {"type": "Feature", "properties": {"id": 1367, "highway": "primary"}, "geometry": {"type": "LineString", "coordinates": [[77.22833333333334, 28.615333333333332], [77.22833333333334, 28.616666666666667]]}}, {"type": "Feature", "properties": {"id": 1368, "highway": "primary"}, "geometry": {"type": "LineString", "coordinates": [[77.22833333333334, 28.616666666666667], [77.22833333333334, 28.618]]}}, {"type": "Feature", "properties": {"id": 1369, "highway": "primary"}, "geometry": {"type": "LineString", "coordinates": [[77.22833333333334, 28.618], [77.22833333333334, 28.619333333333334]]}}, {"type": "Feature", "properties": {"id": 1370, "highway": "primary"}, "geometry": {"type": "LineString", "coordinates": [[77.22833333333334, 28.619333333333334], [77.22833333333334, 28.620666666666665]]}}, {"type": "Feature", "properties": {"id": 1371, "highway": "primary"}, "geometry": {"type": "LineString", "coordinates": [[77.22833333333334, 28.620666666666665], [77.22833333333334, 28.622]]}}, {"type": "Feature", "properties": {"id": 1372, "highway": "primary"}, "geometry": {"type": "LineString", "coordinates": [[77.22833333333334, 28.622], [77.22833333333334, 28.62333333333333]]}}, {"type": "Feature", "properties": {"id": 1373, "highway": "primary"}, "geometry": {"type": "LineString", "coordinates": [[77.22833333333334, 28.62333333333333], [77.22833333333334, 28.624666666666666]]}}, {"type": "Feature", "properties": {"id": 1374, "highway": "primary"}, "geometry": {"type": "LineString", "coordinates": [[77.22833333333334, 28.624666666666666], [77.22833333333334, 28.625999999999998]]}}, {"type": "Feature", "properties": {"id": 1375, "highway": "primary"}, "geometry": {"type": "LineString", "coordinates": [[77.22833333333334, 28.625999999999998], [77.22833333333334, 28.627333333333333]]}}, {"type": "Feature", "properties": {"id": 1376, "highway": "primary"}, "geometry": {"type": "LineString", "coordinates": [[77.22833333333334, 28.627333333333333], [77.22833333333334, 28.628666666666664]]}}, {"type": "Feature", "properties": {"id": 1377, "highway": "primary"}, "geometry": {"type": "LineString", "coordinates": [[77.22833333333334, 28.628666666666664], [77.22833333333334, 28.63]]}}, {"type": "Feature", "properties": {"id": 1378, "highway": "primary"}, "geometry": {"type": "LineString", "coordinates": [[77.22833333333334, 28.63], [77.22833333333334, 28.631333333333334]]}}, {"type": "Feature", "properties": {"id": 1379, "highway": "primary"}, "geometry": {"type": "LineString", "coordinates": [[77.22833333333334, 28.631333333333334], [77.22833333333334, 28.632666666666665]]}}, {"type": "Feature", "properties": {"id": 1380, "highway": "primary"}, "geometry": {"type": "LineString", "coordinates": [[77.22833333333334, 28.632666666666665], [77.22833333333334, 28.634]]}}, {"type": "Feature", "properties": {"id": 1381, "highway": "primary"}, "geometry": {"type": "LineString", "coordinates": [[77.22833333333334, 28.634], [77.22833333333334, 28.63533333333333]]}}, {"type": "Feature", "properties": {"id": 1382, "highway": "primary"}, "geometry": {"type": "LineString", "coordinates": [[77.22833333333334, 28.63533333333333], [77.22833333333334, 28.636666666666667]]}}, {"type": "Feature", "properties": {"id": 1383, "highway": "primary"}, "geometry": {"type": "LineString", "coordinates": [[77.22833333333334, 28.636666666666667], [77.22833333333334, 28.637999999999998]]}}, {"type": "Feature", "properties": {"id": 1384, "highway": "primary"}, "geometry": {"type": "LineString", "coordinates": [[77.22833333333334, 28.637999999999998], [77.22833333333334, 28.639333333333333]]}}, {"type": "Feature", "properties": {"id": 1385, "highway": "primary"}, "geometry": {"type": "LineString", "coordinates": [[77.22833333333334, 28.639333333333333], [77.22833333333334, 28.640666666666664]]}}, {"type": "Feature", "properties": {"id": 1386, "highway": "primary"}, "geometry": {"type": "LineString", "coordinates": [[77.22833333333334, 28.640666666666664], [77.22833333333334, 28.642]]}}, {"type": "Feature", "properties": {"id": 1387, "highway": "primary"}, "geometry": {"type": "LineString", "coordinates": [[77.22833333333334, 28.642], [77.22833333333334, 28.64333333333333]]}}, {"type": "Feature", "properties": {"id": 1388, "highway": "primary"}, "geometry": {"type": "LineString", "coordinates": [[77.22833333333334, 28.64333333333333], [77.22833333333334, 28.644666666666666]]}}, {"type": "Feature", "properties": {"id": 1389, "highway": "primary"}, "geometry": {"type": "LineString", "coordinates": [[77.22833333333334, 28.644666666666666], [77.22833333333334, 28.645999999999997]]}}, {"type": "Feature", "properties": {"id": 1390, "highway": "primary"}, "geometry": {"type": "LineString", "coordinates": [[77.22833333333334, 28.645999999999997], [77.22833333333334, 28.647333333333332]]}}, {"type": "Feature", "properties": {"id": 1391, "highway": "primary"}, "geometry": {"type": "LineString", "coordinates": [[77.22833333333334, 28.647333333333332], [77.22833333333334, 28.648666666666664]]}}, {"type": "Feature", "properties": {"id": 1392, "highway": "primary"}, "geometry": {"type": "LineString", "coordinates": [[77.23, 28.61], [77.23, 28.611333333333334]]}}, {"type": "Feature", "properties": {"id": 1393, "highway": "primary"}, "geometry": {"type": "LineString", "coordinates": [[77.23, 28.611333333333334], [77.23, 28.612666666666666]]}}, {"type": "Feature", "properties": {"id": 1394, "highway": "primary"}, "geometry": {"type": "LineString", "coordinates": [[77.23, 28.612666666666666], [77.23, 28.614]]}}, {"type": "Feature", "properties": {"id": 1395, "highway": "primary"}, "geometry": {"type": "LineString", "coordinates": [[77.23, 28.614], [77.23, 28.615333333333332]]}}, {"type": "Feature", "properties": {"id": 1396, "highway": "primary"}, "geometry": {"type": "LineString", "coordinates": [[77.23, 28.615333333333332], [77.23, 28.616666666666667]]}}, {"type": "Feature", "properties": {"id": 1397, "highway": "primary"}, "geometry": {"type": "LineString", "coordinates": [[77.23, 28.616666666666667], [77.23, 28.618]]}}, {"type": "Feature", "properties": {"id": 1398, "highway": "primary"}, "geometry": {"type": "LineString", "coordinates": [[77.23, 28.618], [77.23, 28.619333333333334]]}}, {"type": "Feature", "properties": {"id": 1399, "highway": "primary"}, "geometry": {"type": "LineString", "coordinates": [[77.23, 28.619333333333334], [77.23, 28.620666666666665]]}}, {"type": "Feature", "properties": {"id": 1400, "highway": "primary"}, "geometry": {"type": "LineString", "coordinates": [[77.23, 28.620666666666665], [77.23, 28.622]]}}, {"type": "Feature", "properties": {"id": 1401, "highway": "primary"}, "geometry": {"type": "LineString", "coordinates": [[77.23, 28.622], [77.23, 28.62333333333333]]}}, {"type": "Feature", "properties": {"id": 1402, "highway": "primary"}, "geometry": {"type": "LineString", "coordinates": [[77.23, 28.62333333333333], [77.23, 28.624666666666666]]}}, {"type": "Feature", "properties": {"id": 1403, "highway": "primary"}, "geometry": {"type": "LineString", "coordinates": [[77.23, 28.624666666666666], [77.23, 28.625999999999998]]}}, {"type": "Feature", "properties": {"id": 1404, "highway": "primary"}, "geometry": {"type": "LineString", "coordinates": [[77.23, 28.625999999999998], [77.23, 28.627333333333333]]}}, {"type": "Feature", "properties": {"id": 1405, "highway": "primary"}, "geometry": {"type": "LineString", "coordinates": [[77.23, 28.627333333333333], [77.23, 28.628666666666664]]}}, {"type": "Feature", "properties": {"id": 1406, "highway": "primary"}, "geometry": {"type": "LineString", "coordinates": [[77.23, 28.628666666666664], [77.23, 28.63]]}}, {"type": "Feature", "properties": {"id": 1407, "highway": "primary"}, "geometry": {"type": "LineString", "coordinates": [[77.23, 28.63], [77.23, 28.631333333333334]]}}, {"type": "Feature", "properties": {"id": 1408, "highway": "primary"}, "geometry": {"type": "LineString", "coordinates": [[77.23, 28.631333333333334], [77.23, 28.632666666666665]]}}, {"type": "Feature", "properties": {"id": 1409, "highway": "primary"}, "geometry": {"type": "LineString", "coordinates": [[77.23, 28.632666666666665], [77.23, 28.634]]}}, {"type": "Feature", "properties": {"id": 1410, "highway": "primary"}, "geometry": {"type": "LineString", "coordinates": [[77.23, 28.634], [77.23, 28.63533333333333]]}}, {"type": "Feature", "properties": {"id": 1411, "highway": "primary"}, "geometry": {"type": "LineString", "coordinates": [[77.23, 28.63533333333333], [77.23, 28.636666666666667]]}}, {"type": "Feature", "properties": {"id": 1412, "highway": "primary"}, "geometry": {"type": "LineString", "coordinates": [[77.23, 28.636666666666667], [77.23, 28.637999999999998]]}}, {"type": "Feature", "properties": {"id": 1413, "highway": "primary"}, "geometry": {"type": "LineString", "coordinates": [[77.23, 28.637999999999998], [77.23, 28.639333333333333]]}}, {"type": "Feature", "properties": {"id": 1414, "highway": "primary"}, "geometry": {"type": "LineString", "coordinates": [[77.23, 28.639333333333333], [77.23, 28.640666666666664]]}}, {"type": "Feature", "properties": {"id": 1415, "highway": "primary"}, "geometry": {"type": "LineString", "coordinates": [[77.23, 28.640666666666664], [77.23, 28.642]]}}, {"type": "Feature", "properties": {"id": 1416, "highway": "primary"}, "geometry": {"type": "LineString", "coordinates": [[77.23, 28.642], [77.23, 28.64333333333333]]}}, {"type": "Feature", "properties": {"id": 1417, "highway": "primary"}, "geometry": {"type": "LineString", "coordinates": [[77.23, 28.64333333333333], [77.23, 28.644666666666666]]}}, {"type": "Feature", "properties": {"id": 1418, "highway": "primary"}, "geometry": {"type": "LineString", "coordinates": [[77.23, 28.644666666666666], [77.23, 28.645999999999997]]}}, {"type": "Feature", "properties": {"id": 1419, "highway": "primary"}, "geometry": {"type": "LineString", "coordinates": [[77.23, 28.645999999999997], [77.23, 28.647333333333332]]}}, {"type": "Feature", "properties": {"id": 1420, "highway": "primary"}, "geometry": {"type": "LineString", "coordinates": [[77.23, 28.647333333333332], [77.23, 28.648666666666664]]}}, {"type": "Feature", "properties": {"id": 1421, "highway": "primary"}, "geometry": {"type": "LineString", "coordinates": [[77.23166666666667, 28.61], [77.23166666666667, 28.611333333333334]]}}, {"type": "Feature", "properties": {"id": 1422, "highway": "primary"}, "geometry": {"type": "LineString", "coordinates": [[77.23166666666667, 28.611333333333334], [77.23166666666667, 28.612666666666666]]}}, {"type": "Feature", "properties": {"id": 1423, "highway": "primary"}, "geometry": {"type": "LineString", "coordinates": [[77.23166666666667, 28.612666666666666], [77.23166666666667, 28.614]]}}, {"type": "Feature", "properties": {"id": 1424, "highway": "primary"}, "geometry": {"type": "LineString", "coordinates": [[77.23166666666667, 28.614], [77.23166666666667, 28.615333333333332]]}}, {"type": "Feature", "properties": {"id": 1425, "highway": "primary"}, "geometry": {"type": "LineString", "coordinates": [[77.23166666666667, 28.615333333333332], [77.23166666666667, 28.616666666666667]]}}, {"type": "Feature", "properties": {"id": 1426, "highway": "primary"}, "geometry": {"type": "LineString", "coordinates": [[77.23166666666667, 28.616666666666667], [77.23166666666667, 28.618]]}}, {"type": "Feature", "properties": {"id": 1427, "highway": "primary"}, "geometry": {"type": "LineString", "coordinates": [[77.23166666666667, 28.618], [77.23166666666667, 28.619333333333334]]}}, {"type": "Feature", "properties": {"id": 1428, "highway": "primary"}, "geometry": {"type": "LineString", "coordinates": [[77.23166666666667, 28.619333333333334], [77.23166666666667, 28.620666666666665]]}}, {"type": "Feature", "properties": {"id": 1429, "highway": "primary"}, "geometry": {"type": "LineString", "coordinates": [[77.23166666666667, 28.620666666666665], [77.23166666666667, 28.622]]}}, {"type": "Feature", "properties": {"id": 1430, "highway": "primary"}, "geometry": {"type": "LineString", "coordinates": [[77.23166666666667, 28.622], [77.23166666666667, 28.62333333333333]]}}, {"type": "Feature", "properties": {"id": 1431, "highway": "primary"}, "geometry": {"type": "LineString", "coordinates": [[77.23166666666667, 28.62333333333333], [77.23166666666667, 28.624666666666666]]}}, {"type": "Feature", "properties": {"id": 1432, "highway": "primary"}, "geometry": {"type": "LineString", "coordinates": [[77.23166666666667, 28.624666666666666], [77.23166666666667, 28.625999999999998]]}}, {"type": "Feature", "properties": {"id": 1433, "highway": "primary"}, "geometry": {"type": "LineString", "coordinates": [[77.23166666666667, 28.625999999999998], [77.23166666666667, 28.627333333333333]]}}, {"type": "Feature", "properties": {"id": 1434, "highway": "primary"}, "geometry": {"type": "LineString", "coordinates": [[77.23166666666667, 28.627333333333333], [77.23166666666667, 28.628666666666664]]}}, {"type": "Feature", "properties": {"id": 1435, "highway": "primary"}, "geometry": {"type": "LineString", "coordinates": [[77.23166666666667, 28.628666666666664], [77.23166666666667, 28.63]]}}, {"type": "Feature", "properties": {"id": 1436, "highway": "primary"}, "geometry": {"type": "LineString", "coordinates": [[77.23166666666667, 28.63], [77.23166666666667, 28.631333333333334]]}}, {"type": "Feature", "properties": {"id": 1437, "highway": "primary"}, "geometry": {"type": "LineString", "coordinates": [[77.23166666666667, 28.631333333333334], [77.23166666666667, 28.632666666666665]]}}, {"type": "Feature", "properties": {"id": 1438, "highway": "primary"}, "geometry": {"type": "LineString", "coordinates": [[77.23166666666667, 28.632666666666665], [77.23166666666667, 28.634]]}}, {"type": "Feature", "properties": {"id": 1439, "highway": "primary"}, "geometry": {"type": "LineString", "coordinates": [[77.23166666666667, 28.634], [77.23166666666667, 28.63533333333333]]}}, {"type": "Feature", "properties": {"id": 1440, "highway": "primary"}, "geometry": {"type": "LineString", "coordinates": [[77.23166666666667, 28.63533333333333], [77.23166666666667, 28.636666666666667]]}}, {"type": "Feature", "properties": {"id": 1441, "highway": "primary"}, "geometry": {"type": "LineString", "coordinates": [[77.23166666666667, 28.636666666666667], [77.23166666666667, 28.637999999999998]]}}, {"type": "Feature", "properties": {"id": 1442, "highway": "primary"}, "geometry": {"type": "LineString", "coordinates": [[77.23166666666667, 28.637999999999998], [77.23166666666667, 28.639333333333333]]}}, {"type": "Feature", "properties": {"id": 1443, "highway": "primary"}, "geometry": {"type": "LineString", "coordinates": [[77.23166666666667, 28.639333333333333], [77.23166666666667, 28.640666666666664]]}}, {"type": "Feature", "properties": {"id": 1444, "highway": "primary"}, "geometry": {"type": "LineString", "coordinates": [[77.23166666666667, 28.640666666666664], [77.23166666666667, 28.642]]}}, {"type": "Feature", "properties": {"id": 1445, "highway": "primary"}, "geometry": {"type": "LineString", "coordinates": [[77.23166666666667, 28.642], [77.23166666666667, 28.64333333333333]]}}, {"type": "Feature", "properties": {"id": 1446, "highway": "primary"}, "geometry": {"type": "LineString", "coordinates": [[77.23166666666667, 28.64333333333333], [77.23166666666667, 28.644666666666666]]}}, {"type": "Feature", "properties": {"id": 1447, "highway": "primary"}, "geometry": {"type": "LineString", "coordinates": [[77.23166666666667, 28.644666666666666], [77.23166666666667, 28.645999999999997]]}}, {"type": "Feature", "properties": {"id": 1448, "highway": "primary"}, "geometry": {"type": "LineString", "coordinates": [[77.23166666666667, 28.645999999999997], [77.23166666666667, 28.647333333333332]]}}, {"type": "Feature", "properties": {"id": 1449, "highway": "primary"}, "geometry": {"type": "LineString", "coordinates": [[77.23166666666667, 28.647333333333332], [77.23166666666667, 28.648666666666664]]}}, {"type": "Feature", "properties": {"id": 1450, "highway": "primary"}, "geometry": {"type": "LineString", "coordinates": [[77.23333333333333, 28.61], [77.23333333333333, 28.611333333333334]]}}, {"type": "Feature", "properties": {"id": 1451, "highway": "primary"}, "geometry": {"type": "LineString", "coordinates": [[77.23333333333333, 28.611333333333334], [77.23333333333333, 28.612666666666666]]}}, {"type": "Feature", "properties": {"id": 1452, "highway": "primary"}, "geometry": {"type": "LineString", "coordinates": [[77.23333333333333, 28.612666666666666], [77.23333333333333, 28.614]]}}, {"type": "Feature", "properties": {"id": 1453, "highway": "primary"}, "geometry": {"type": "LineString", "coordinates": [[77.23333333333333, 28.614], [77.23333333333333, 28.615333333333332]]}}, {"type": "Feature", "properties": {"id": 1454, "highway": "primary"}, "geometry": {"type": "LineString", "coordinates": [[77.23333333333333, 28.615333333333332], [77.23333333333333, 28.616666666666667]]}}, {"type": "Feature", "properties": {"id": 1455, "highway": "primary"}, "geometry": {"type": "LineString", "coordinates": [[77.23333333333333, 28.616666666666667], [77.23333333333333, 28.618]]}}, {"type": "Feature", "properties": {"id": 1456, "highway": "primary"}, "geometry": {"type": "LineString", "coordinates": [[77.23333333333333, 28.618], [77.23333333333333, 28.619333333333334]]}}, {"type": "Feature", "properties": {"id": 1457, "highway": "primary"}, "geometry": {"type": "LineString", "coordinates": [[77.23333333333333, 28.619333333333334], [77.23333333333333, 28.620666666666665]]}}, {"type": "Feature", "properties": {"id": 1458, "highway": "primary"}, "geometry": {"type": "LineString", "coordinates": [[77.23333333333333, 28.620666666666665], [77.23333333333333, 28.622]]}}, {"type": "Feature", "properties": {"id": 1459, "highway": "primary"}, "geometry": {"type": "LineString", "coordinates": [[77.23333333333333, 28.622], [77.23333333333333, 28.62333333333333]]}}, {"type": "Feature", "properties": {"id": 1460, "highway": "primary"}, "geometry": {"type": "LineString", "coordinates": [[77.23333333333333, 28.62333333333333], [77.23333333333333, 28.624666666666666]]}}, {"type": "Feature", "properties": {"id": 1461, "highway": "primary"}, "geometry": {"type": "LineString", "coordinates": [[77.23333333333333, 28.624666666666666], [77.23333333333333, 28.625999999999998]]}}, {"type": "Feature", "properties": {"id": 1462, "highway": "primary"}, "geometry": {"type": "LineString", "coordinates": [[77.23333333333333, 28.625999999999998], [77.23333333333333, 28.627333333333333]]}}, {"type": "Feature", "properties": {"id": 1463, "highway": "primary"}, "geometry": {"type": "LineString", "coordinates": [[77.23333333333333, 28.627333333333333], [77.23333333333333, 28.628666666666664]]}}, {"type": "Feature", "properties": {"id": 1464, "highway": "primary"}, "geometry": {"type": "LineString", "coordinates": [[77.23333333333333, 28.628666666666664], [77.23333333333333, 28.63]]}}, {"type": "Feature", "properties": {"id": 1465, "highway": "primary"}, "geometry": {"type": "LineString", "coordinates": [[77.23333333333333, 28.63], [77.23333333333333, 28.631333333333334]]}}, {"type": "Feature", "properties": {"id": 1466, "highway": "primary"}, "geometry": {"type": "LineString", "coordinates": [[77.23333333333333, 28.631333333333334], [77.23333333333333, 28.632666666666665]]}}, {"type": "Feature", "properties": {"id": 1467, "highway": "primary"}, "geometry": {"type": "LineString", "coordinates": [[77.23333333333333, 28.632666666666665], [77.23333333333333, 28.634]]}}, {"type": "Feature", "properties": {"id": 1468, "highway": "primary"}, "geometry": {"type": "LineString", "coordinates": [[77.23333333333333, 28.634], [77.23333333333333, 28.63533333333333]]}}, {"type": "Feature", "properties": {"id": 1469, "highway": "primary"}, "geometry": {"type": "LineString", "coordinates": [[77.23333333333333, 28.63533333333333], [77.23333333333333, 28.636666666666667]]}}, {"type": "Feature", "properties": {"id": 1470, "highway": "primary"}, "geometry": {"type": "LineString", "coordinates": [[77.23333333333333, 28.636666666666667], [77.23333333333333, 28.637999999999998]]}}, {"type": "Feature", "properties": {"id": 1471, "highway": "primary"}, "geometry": {"type": "LineString", "coordinates": [[77.23333333333333, 28.637999999999998], [77.23333333333333, 28.639333333333333]]}}, {"type": "Feature", "properties": {"id": 1472, "highway": "primary"}, "geometry": {"type": "LineString", "coordinates": [[77.23333333333333, 28.639333333333333], [77.23333333333333, 28.640666666666664]]}}, {"type": "Feature", "properties": {"id": 1473, "highway": "primary"}, "geometry": {"type": "LineString", "coordinates": [[77.23333333333333, 28.640666666666664], [77.23333333333333, 28.642]]}}, {"type": "Feature", "properties": {"id": 1474, "highway": "primary"}, "geometry": {"type": "LineString", "coordinates": [[77.23333333333333, 28.642], [77.23333333333333, 28.64333333333333]]}}, {"type": "Feature", "properties": {"id": 1475, "highway": "primary"}, "geometry": {"type": "LineString", "coordinates": [[77.23333333333333, 28.64333333333333], [77.23333333333333, 28.644666666666666]]}}, {"type": "Feature", "properties": {"id": 1476, "highway": "primary"}, "geometry": {"type": "LineString", "coordinates": [[77.23333333333333, 28.644666666666666], [77.23333333333333, 28.645999999999997]]}}, {"type": "Feature", "properties": {"id": 1477, "highway": "primary"}, "geometry": {"type": "LineString", "coordinates": [[77.23333333333333, 28.645999999999997], [77.23333333333333, 28.647333333333332]]}}, {"type": "Feature", "properties": {"id": 1478, "highway": "primary"}, "geometry": {"type": "LineString", "coordinates": [[77.23333333333333, 28.647333333333332], [77.23333333333333, 28.648666666666664]]}}, {"type": "Feature", "properties": {"id": 1479, "highway": "primary"}, "geometry": {"type": "LineString", "coordinates": [[77.235, 28.61], [77.235, 28.611333333333334]]}}, {"type": "Feature", "properties": {"id": 1480, "highway": "primary"}, "geometry": {"type": "LineString", "coordinates": [[77.235, 28.611333333333334], [77.235, 28.612666666666666]]}}, {"type": "Feature", "properties": {"id": 1481, "highway": "primary"}, "geometry": {"type": "LineString", "coordinates": [[77.235, 28.612666666666666], [77.235, 28.614]]}}, {"type": "Feature", "properties": {"id": 1482, "highway": "primary"}, "geometry": {"type": "LineString", "coordinates": [[77.235, 28.614], [77.235, 28.615333333333332]]}}, {"type": "Feature", "properties": {"id": 1483, "highway": "primary"}, "geometry": {"type": "LineString", "coordinates": [[77.235, 28.615333333333332], [77.235, 28.616666666666667]]}}, {"type": "Feature", "properties": {"id": 1484, "highway": "primary"}, "geometry": {"type": "LineString", "coordinates": [[77.235, 28.616666666666667], [77.235, 28.618]]}}, {"type": "Feature", "properties": {"id": 1485, "highway": "primary"}, "geometry": {"type": "LineString", "coordinates": [[77.235, 28.618], [77.235, 28.619333333333334]]}}, {"type": "Feature", "properties": {"id": 1486, "highway": "primary"}, "geometry": {"type": "LineString", "coordinates": [[77.235, 28.619333333333334], [77.235, 28.620666666666665]]}}, {"type": "Feature", "properties": {"id": 1487, "highway": "primary"}, "geometry": {"type": "LineString", "coordinates": [[77.235, 28.620666666666665], [77.235, 28.622]]}}, {"type": "Feature", "properties": {"id": 1488, "highway": "primary"}, "geometry": {"type": "LineString", "coordinates": [[77.235, 28.622], [77.235, 28.62333333333333]]}}, {"type": "Feature", "properties": {"id": 1489, "highway": "primary"}, "geometry": {"type": "LineString", "coordinates": [[77.235, 28.62333333333333], [77.235, 28.624666666666666]]}}, {"type": "Feature", "properties": {"id": 1490, "highway": "primary"}, "geometry": {"type": "LineString", "coordinates": [[77.235, 28.624666666666666], [77.235, 28.625999999999998]]}}, {"type": "Feature", "properties": {"id": 1491, "highway": "primary"}, "geometry": {"type": "LineString", "coordinates": [[77.235, 28.625999999999998], [77.235, 28.627333333333333]]}}, {"type": "Feature", "properties": {"id": 1492, "highway": "primary"}, "geometry": {"type": "LineString", "coordinates": [[77.235, 28.627333333333333], [77.235, 28.628666666666664]]}}, {"type": "Feature", "properties": {"id": 1493, "highway": "primary"}, "geometry": {"type": "LineString", "coordinates": [[77.235, 28.628666666666664], [77.235, 28.63]]}}, {"type": "Feature", "properties": {"id": 1494, "highway": "primary"}, "geometry": {"type": "LineString", "coordinates": [[77.235, 28.63], [77.235, 28.631333333333334]]}}, {"type": "Feature", "properties": {"id": 1495, "highway": "primary"}, "geometry": {"type": "LineString", "coordinates": [[77.235, 28.631333333333334], [77.235, 28.632666666666665]]}}, {"type": "Feature", "properties": {"id": 1496, "highway": "primary"}, "geometry": {"type": "LineString", "coordinates": [[77.235, 28.632666666666665], [77.235, 28.634]]}}, {"type": "Feature", "properties": {"id": 1497, "highway": "primary"}, "geometry": {"type": "LineString", "coordinates": [[77.235, 28.634], [77.235, 28.63533333333333]]}}, {"type": "Feature", "properties": {"id": 1498, "highway": "primary"}, "geometry": {"type": "LineString", "coordinates": [[77.235, 28.63533333333333], [77.235, 28.636666666666667]]}}, {"type": "Feature", "properties": {"id": 1499, "highway": "primary"}, "geometry": {"type": "LineString", "coordinates": [[77.235, 28.636666666666667], [77.235, 28.637999999999998]]}}, {"type": "Feature", "properties": {"id": 1500, "highway": "primary"}, "geometry": {"type": "LineString", "coordinates": [[77.235, 28.637999999999998], [77.235, 28.639333333333333]]}}, {"type": "Feature", "properties": {"id": 1501, "highway": "primary"}, "geometry": {"type": "LineString", "coordinates": [[77.235, 28.639333333333333], [77.235, 28.640666666666664]]}}, {"type": "Feature", "properties": {"id": 1502, "highway": "primary"}, "geometry": {"type": "LineString", "coordinates": [[77.235, 28.640666666666664], [77.235, 28.642]]}}, {"type": "Feature", "properties": {"id": 1503, "highway": "primary"}, "geometry": {"type": "LineString", "coordinates": [[77.235, 28.642], [77.235, 28.64333333333333]]}}, {"type": "Feature", "properties": {"id": 1504, "highway": "primary"}, "geometry": {"type": "LineString", "coordinates": [[77.235, 28.64333333333333], [77.235, 28.644666666666666]]}}, {"type": "Feature", "properties": {"id": 1505, "highway": "primary"}, "geometry": {"type": "LineString", "coordinates": [[77.235, 28.644666666666666], [77.235, 28.645999999999997]]}}, {"type": "Feature", "properties": {"id": 1506, "highway": "primary"}, "geometry": {"type": "LineString", "coordinates": [[77.235, 28.645999999999997], [77.235, 28.647333333333332]]}}, {"type": "Feature", "properties": {"id": 1507, "highway": "primary"}, "geometry": {"type": "LineString", "coordinates": [[77.235, 28.647333333333332], [77.235, 28.648666666666664]]}}, {"type": "Feature", "properties": {"id": 1508, "highway": "primary"}, "geometry": {"type": "LineString", "coordinates": [[77.23666666666666, 28.61], [77.23666666666666, 28.611333333333334]]}}, {"type": "Feature", "properties": {"id": 1509, "highway": "primary"}, "geometry": {"type": "LineString", "coordinates": [[77.23666666666666, 28.611333333333334], [77.23666666666666, 28.612666666666666]]}}, {"type": "Feature", "properties": {"id": 1510, "highway": "primary"}, "geometry": {"type": "LineString", "coordinates": [[77.23666666666666, 28.612666666666666], [77.23666666666666, 28.614]]}}, {"type": "Feature", "properties": {"id": 1511, "highway": "primary"}, "geometry": {"type": "LineString", "coordinates": [[77.23666666666666, 28.614], [77.23666666666666, 28.615333333333332]]}}, {"type": "Feature", "properties": {"id": 1512, "highway": "primary"}, "geometry": {"type": "LineString", "coordinates": [[77.23666666666666, 28.615333333333332], [77.23666666666666, 28.616666666666667]]}}, {"type": "Feature", "properties": {"id": 1513, "highway": "primary"}, "geometry": {"type": "LineString", "coordinates": [[77.23666666666666, 28.616666666666667], [77.23666666666666, 28.618]]}}, {"type": "Feature", "properties": {"id": 1514, "highway": "primary"}, "geometry": {"type": "LineString", "coordinates": [[77.23666666666666, 28.618], [77.23666666666666, 28.619333333333334]]}}, {"type": "Feature", "properties": {"id": 1515, "highway": "primary"}, "geometry": {"type": "LineString", "coordinates": [[77.23666666666666, 28.619333333333334], [77.23666666666666, 28.620666666666665]]}}, {"type": "Feature", "properties": {"id": 1516, "highway": "primary"}, "geometry": {"type": "LineString", "coordinates": [[77.23666666666666, 28.620666666666665], [77.23666666666666, 28.622]]}}, {"type": "Feature", "properties": {"id": 1517, "highway": "primary"}, "geometry": {"type": "LineString", "coordinates": [[77.23666666666666, 28.622], [77.23666666666666, 28.62333333333333]]}}, {"type": "Feature", "properties": {"id": 1518, "highway": "primary"}, "geometry": {"type": "LineString", "coordinates": [[77.23666666666666, 28.62333333333333], [77.23666666666666, 28.624666666666666]]}}, {"type": "Feature", "properties": {"id": 1519, "highway": "primary"}, "geometry": {"type": "LineString", "coordinates": [[77.23666666666666, 28.624666666666666], [77.23666666666666, 28.625999999999998]]}}, {"type": "Feature", "properties": {"id": 1520, "highway": "primary"}, "geometry": {"type": "LineString", "coordinates": [[77.23666666666666, 28.625999999999998], [77.23666666666666, 28.627333333333333]]}}, {"type": "Feature", "properties": {"id": 1521, "highway": "primary"}, "geometry": {"type": "LineString", "coordinates": [[77.23666666666666, 28.627333333333333], [77.23666666666666, 28.628666666666664]]}}, {"type": "Feature", "properties": {"id": 1522, "highway": "primary"}, "geometry": {"type": "LineString", "coordinates": [[77.23666666666666, 28.628666666666664], [77.23666666666666, 28.63]]}}, {"type": "Feature", "properties": {"id": 1523, "highway": "primary"}, "geometry": {"type": "LineString", "coordinates": [[77.23666666666666, 28.63], [77.23666666666666, 28.631333333333334]]}}, {"type": "Feature", "properties": {"id": 1524, "highway": "primary"}, "geometry": {"type": "LineString", "coordinates": [[77.23666666666666, 28.631333333333334], [77.23666666666666, 28.632666666666665]]}}, {"type": "Feature", "properties": {"id": 1525, "highway": "primary"}, "geometry": {"type": "LineString", "coordinates": [[77.23666666666666, 28.632666666666665], [77.23666666666666, 28.634]]}}, {"type": "Feature", "properties": {"id": 1526, "highway": "primary"}, "geometry": {"type": "LineString", "coordinates": [[77.23666666666666, 28.634], [77.23666666666666, 28.63533333333333]]}}, {"type": "Feature", "properties": {"id": 1527, "highway": "primary"}, "geometry": {"type": "LineString", "coordinates": [[77.23666666666666, 28.63533333333333], [77.23666666666666, 28.636666666666667]]}}, {"type": "Feature", "properties": {"id": 1528, "highway": "primary"}, "geometry": {"type": "LineString", "coordinates": [[77.23666666666666, 28.636666666666667], [77.23666666666666, 28.637999999999998]]}}, {"type": "Feature", "properties": {"id": 1529, "highway": "primary"}, "geometry": {"type": "LineString", "coordinates": [[77.23666666666666, 28.637999999999998], [77.23666666666666, 28.639333333333333]]}}, {"type": "Feature", "properties": {"id": 1530, "highway": "primary"}, "geometry": {"type": "LineString", "coordinates": [[77.23666666666666, 28.639333333333333], [77.23666666666666, 28.640666666666664]]}}, {"type": "Feature", "properties": {"id": 1531, "highway": "primary"}, "geometry": {"type": "LineString", "coordinates": [[77.23666666666666, 28.640666666666664], [77.23666666666666, 28.642]]}}, {"type": "Feature", "properties": {"id": 1532, "highway": "primary"}, "geometry": {"type": "LineString", "coordinates": [[77.23666666666666, 28.642], [77.23666666666666, 28.64333333333333]]}}, {"type": "Feature", "properties": {"id": 1533, "highway": "primary"}, "geometry": {"type": "LineString", "coordinates": [[77.23666666666666, 28.64333333333333], [77.23666666666666, 28.644666666666666]]}}, {"type": "Feature", "properties": {"id": 1534, "highway": "primary"}, "geometry": {"type": "LineString", "coordinates": [[77.23666666666666, 28.644666666666666], [77.23666666666666, 28.645999999999997]]}}, {"type": "Feature", "properties": {"id": 1535, "highway": "primary"}, "geometry": {"type": "LineString", "coordinates": [[77.23666666666666, 28.645999999999997], [77.23666666666666, 28.647333333333332]]}}, {"type": "Feature", "properties": {"id": 1536, "highway": "primary"}, "geometry": {"type": "LineString", "coordinates": [[77.23666666666666, 28.647333333333332], [77.23666666666666, 28.648666666666664]]}}, {"type": "Feature", "properties": {"id": 1537, "highway": "primary"}, "geometry": {"type": "LineString", "coordinates": [[77.23833333333333, 28.61], [77.23833333333333, 28.611333333333334]]}}, {"type": "Feature", "properties": {"id": 1538, "highway": "primary"}, "geometry": {"type": "LineString", "coordinates": [[77.23833333333333, 28.611333333333334], [77.23833333333333, 28.612666666666666]]}}, {"type": "Feature", "properties": {"id": 1539, "highway": "primary"}, "geometry": {"type": "LineString", "coordinates": [[77.23833333333333, 28.612666666666666], [77.23833333333333, 28.614]]}}, {"type": "Feature", "properties": {"id": 1540, "highway": "primary"}, "geometry": {"type": "LineString", "coordinates": [[77.23833333333333, 28.614], [77.23833333333333, 28.615333333333332]]}}, {"type": "Feature", "properties": {"id": 1541, "highway": "primary"}, "geometry": {"type": "LineString", "coordinates": [[77.23833333333333, 28.615333333333332], [77.23833333333333, 28.616666666666667]]}}, {"type": "Feature", "properties": {"id": 1542, "highway": "primary"}, "geometry": {"type": "LineString", "coordinates": [[77.23833333333333, 28.616666666666667], [77.23833333333333, 28.618]]}}, {"type": "Feature", "properties": {"id": 1543, "highway": "primary"}, "geometry": {"type": "LineString", "coordinates": [[77.23833333333333, 28.618], [77.23833333333333, 28.619333333333334]]}}, {"type": "Feature", "properties": {"id": 1544, "highway": "primary"}, "geometry": {"type": "LineString", "coordinates": [[77.23833333333333, 28.619333333333334], [77.23833333333333, 28.620666666666665]]}}, {"type": "Feature", "properties": {"id": 1545, "highway": "primary"}, "geometry": {"type": "LineString", "coordinates": [[77.23833333333333, 28.620666666666665], [77.23833333333333, 28.622]]}}, {"type": "Feature", "properties": {"id": 1546, "highway": "primary"}, "geometry": {"type": "LineString", "coordinates": [[77.23833333333333, 28.622], [77.23833333333333, 28.62333333333333]]}}, {"type": "Feature", "properties": {"id": 1547, "highway": "primary"}, "geometry": {"type": "LineString", "coordinates": [[77.23833333333333, 28.62333333333333], [77.23833333333333, 28.624666666666666]]}}, {"type": "Feature", "properties": {"id": 1548, "highway": "primary"}, "geometry": {"type": "LineString", "coordinates": [[77.23833333333333, 28.624666666666666], [77.23833333333333, 28.625999999999998]]}}, {"type": "Feature", "properties": {"id": 1549, "highway": "primary"}, "geometry": {"type": "LineString", "coordinates": [[77.23833333333333, 28.625999999999998], [77.23833333333333, 28.627333333333333]]}}, {"type": "Feature", "properties": {"id": 1550, "highway": "primary"}, "geometry": {"type": "LineString", "coordinates": [[77.23833333333333, 28.627333333333333], [77.23833333333333, 28.628666666666664]]}}, {"type": "Feature", "properties": {"id": 1551, "highway": "primary"}, "geometry": {"type": "LineString", "coordinates": [[77.23833333333333, 28.628666666666664], [77.23833333333333, 28.63]]}}, {"type": "Feature", "properties": {"id": 1552, "highway": "primary"}, "geometry": {"type": "LineString", "coordinates": [[77.23833333333333, 28.63], [77.23833333333333, 28.631333333333334]]}}, {"type": "Feature", "properties": {"id": 1553, "highway": "primary"}, "geometry": {"type": "LineString", "coordinates": [[77.23833333333333, 28.631333333333334], [77.23833333333333, 28.632666666666665]]}}, {"type": "Feature", "properties": {"id": 1554, "highway": "primary"}, "geometry": {"type": "LineString", "coordinates": [[77.23833333333333, 28.632666666666665], [77.23833333333333, 28.634]]}}, {"type": "Feature", "properties": {"id": 1555, "highway": "primary"}, "geometry": {"type": "LineString", "coordinates": [[77.23833333333333, 28.634], [77.23833333333333, 28.63533333333333]]}}, {"type": "Feature", "properties": {"id": 1556, "highway": "primary"}, "geometry": {"type": "LineString", "coordinates": [[77.23833333333333, 28.63533333333333], [77.23833333333333, 28.636666666666667]]}}, {"type": "Feature", "properties": {"id": 1557, "highway": "primary"}, "geometry": {"type": "LineString", "coordinates": [[77.23833333333333, 28.636666666666667], [77.23833333333333, 28.637999999999998]]}}, {"type": "Feature", "properties": {"id": 1558, "highway": "primary"}, "geometry": {"type": "LineString", "coordinates": [[77.23833333333333, 28.637999999999998], [77.23833333333333, 28.639333333333333]]}}, {"type": "Feature", "properties": {"id": 1559, "highway": "primary"}, "geometry": {"type": "LineString", "coordinates": [[77.23833333333333, 28.639333333333333], [77.23833333333333, 28.640666666666664]]}}, {"type": "Feature", "properties": {"id": 1560, "highway": "primary"}, "geometry": {"type": "LineString", "coordinates": [[77.23833333333333, 28.640666666666664], [77.23833333333333, 28.642]]}}, {"type": "Feature", "properties": {"id": 1561, "highway": "primary"}, "geometry": {"type": "LineString", "coordinates": [[77.23833333333333, 28.642], [77.23833333333333, 28.64333333333333]]}}, {"type": "Feature", "properties": {"id": 1562, "highway": "primary"}, "geometry": {"type": "LineString", "coordinates": [[77.23833333333333, 28.64333333333333], [77.23833333333333, 28.644666666666666]]}}, {"type": "Feature", "properties": {"id": 1563, "highway": "primary"}, "geometry": {"type": "LineString", "coordinates": [[77.23833333333333, 28.644666666666666], [77.23833333333333, 28.645999999999997]]}}, {"type": "Feature", "properties": {"id": 1564, "highway": "primary"}, "geometry": {"type": "LineString", "coordinates": [[77.23833333333333, 28.645999999999997], [77.23833333333333, 28.647333333333332]]}}, {"type": "Feature", "properties": {"id": 1565, "highway": "primary"}, "geometry": {"type": "LineString", "coordinates": [[77.23833333333333, 28.647333333333332], [77.23833333333333, 28.648666666666664]]}}, {"type": "Feature", "properties": {"id": 1566, "highway": "primary"}, "geometry": {"type": "LineString", "coordinates": [[77.24, 28.61], [77.24, 28.611333333333334]]}}, {"type": "Feature", "properties": {"id": 1567, "highway": "primary"}, "geometry": {"type": "LineString", "coordinates": [[77.24, 28.611333333333334], [77.24, 28.612666666666666]]}}, {"type": "Feature", "properties": {"id": 1568, "highway": "primary"}, "geometry": {"type": "LineString", "coordinates": [[77.24, 28.612666666666666], [77.24, 28.614]]}}, {"type": "Feature", "properties": {"id": 1569, "highway": "primary"}, "geometry": {"type": "LineString", "coordinates": [[77.24, 28.614], [77.24, 28.615333333333332]]}}, {"type": "Feature", "properties": {"id": 1570, "highway": "primary"}, "geometry": {"type": "LineString", "coordinates": [[77.24, 28.615333333333332], [77.24, 28.616666666666667]]}}, {"type": "Feature", "properties": {"id": 1571, "highway": "primary"}, "geometry": {"type": "LineString", "coordinates": [[77.24, 28.616666666666667], [77.24, 28.618]]}}, {"type": "Feature", "properties": {"id": 1572, "highway": "primary"}, "geometry": {"type": "LineString", "coordinates": [[77.24, 28.618], [77.24, 28.619333333333334]]}}, {"type": "Feature", "properties": {"id": 1573, "highway": "primary"}, "geometry": {"type": "LineString", "coordinates": [[77.24, 28.619333333333334], [77.24, 28.620666666666665]]}}, {"type": "Feature", "properties": {"id": 1574, "highway": "primary"}, "geometry": {"type": "LineString", "coordinates": [[77.24, 28.620666666666665], [77.24, 28.622]]}}, {"type": "Feature", "properties": {"id": 1575, "highway": "primary"}, "geometry": {"type": "LineString", "coordinates": [[77.24, 28.622], [77.24, 28.62333333333333]]}}, {"type": "Feature", "properties": {"id": 1576, "highway": "primary"}, "geometry": {"type": "LineString", "coordinates": [[77.24, 28.62333333333333], [77.24, 28.624666666666666]]}}, {"type": "Feature", "properties": {"id": 1577, "highway": "primary"}, "geometry": {"type": "LineString", "coordinates": [[77.24, 28.624666666666666], [77.24, 28.625999999999998]]}}, {"type": "Feature", "properties": {"id": 1578, "highway": "primary"}, "geometry": {"type": "LineString", "coordinates": [[77.24, 28.625999999999998], [77.24, 28.627333333333333]]}}, {"type": "Feature", "properties": {"id": 1579, "highway": "primary"}, "geometry": {"type": "LineString", "coordinates": [[77.24, 28.627333333333333], [77.24, 28.628666666666664]]}}, {"type": "Feature", "properties": {"id": 1580, "highway": "primary"}, "geometry": {"type": "LineString", "coordinates": [[77.24, 28.628666666666664], [77.24, 28.63]]}}, {"type": "Feature", "properties": {"id": 1581, "highway": "primary"}, "geometry": {"type": "LineString", "coordinates": [[77.24, 28.63], [77.24, 28.631333333333334]]}}, {"type": "Feature", "properties": {"id": 1582, "highway": "primary"}, "geometry": {"type": "LineString", "coordinates": [[77.24, 28.631333333333334], [77.24, 28.632666666666665]]}}, {"type": "Feature", "properties": {"id": 1583, "highway": "primary"}, "geometry": {"type": "LineString", "coordinates": [[77.24, 28.632666666666665], [77.24, 28.634]]}}, {"type": "Feature", "properties": {"id": 1584, "highway": "primary"}, "geometry": {"type": "LineString", "coordinates": [[77.24, 28.634], [77.24, 28.63533333333333]]}}, {"type": "Feature", "properties": {"id": 1585, "highway": "primary"}, "geometry": {"type": "LineString", "coordinates": [[77.24, 28.63533333333333], [77.24, 28.636666666666667]]}}, {"type": "Feature", "properties": {"id": 1586, "highway": "primary"}, "geometry": {"type": "LineString", "coordinates": [[77.24, 28.636666666666667], [77.24, 28.637999999999998]]}}, {"type": "Feature", "properties": {"id": 1587, "highway": "primary"}, "geometry": {"type": "LineString", "coordinates": [[77.24, 28.637999999999998], [77.24, 28.639333333333333]]}}, {"type": "Feature", "properties": {"id": 1588, "highway": "primary"}, "geometry": {"type": "LineString", "coordinates": [[77.24, 28.639333333333333], [77.24, 28.640666666666664]]}}, {"type": "Feature", "properties": {"id": 1589, "highway": "primary"}, "geometry": {"type": "LineString", "coordinates": [[77.24, 28.640666666666664], [77.24, 28.642]]}}, {"type": "Feature", "properties": {"id": 1590, "highway": "primary"}, "geometry": {"type": "LineString", "coordinates": [[77.24, 28.642], [77.24, 28.64333333333333]]}}, {"type": "Feature", "properties": {"id": 1591, "highway": "primary"}, "geometry": {"type": "LineString", "coordinates": [[77.24, 28.64333333333333], [77.24, 28.644666666666666]]}}, {"type": "Feature", "properties": {"id": 1592, "highway": "primary"}, "geometry": {"type": "LineString", "coordinates": [[77.24, 28.644666666666666], [77.24, 28.645999999999997]]}}, {"type": "Feature", "properties": {"id": 1593, "highway": "primary"}, "geometry": {"type": "LineString", "coordinates": [[77.24, 28.645999999999997], [77.24, 28.647333333333332]]}}, {"type": "Feature", "properties": {"id": 1594, "highway": "primary"}, "geometry": {"type": "LineString", "coordinates": [[77.24, 28.647333333333332], [77.24, 28.648666666666664]]}}, {"type": "Feature", "properties": {"id": 1595, "highway": "primary"}, "geometry": {"type": "LineString", "coordinates": [[77.24166666666667, 28.61], [77.24166666666667, 28.611333333333334]]}}, {"type": "Feature", "properties": {"id": 1596, "highway": "primary"}, "geometry": {"type": "LineString", "coordinates": [[77.24166666666667, 28.611333333333334], [77.24166666666667, 28.612666666666666]]}}, {"type": "Feature", "properties": {"id": 1597, "highway": "primary"}, "geometry": {"type": "LineString", "coordinates": [[77.24166666666667, 28.612666666666666], [77.24166666666667, 28.614]]}}, {"type": "Feature", "properties": {"id": 1598, "highway": "primary"}, "geometry": {"type": "LineString", "coordinates": [[77.24166666666667, 28.614], [77.24166666666667, 28.615333333333332]]}}, {"type": "Feature", "properties": {"id": 1599, "highway": "primary"}, "geometry": {"type": "LineString", "coordinates": [[77.24166666666667, 28.615333333333332], [77.24166666666667, 28.616666666666667]]}}, {"type": "Feature", "properties": {"id": 1600, "highway": "primary"}, "geometry": {"type": "LineString", "coordinates": [[77.24166666666667, 28.616666666666667], [77.24166666666667, 28.618]]}}, {"type": "Feature", "properties": {"id": 1601, "highway": "primary"}, "geometry": {"type": "LineString", "coordinates": [[77.24166666666667, 28.618], [77.24166666666667, 28.619333333333334]]}}, {"type": "Feature", "properties": {"id": 1602, "highway": "primary"}, "geometry": {"type": "LineString", "coordinates": [[77.24166666666667, 28.619333333333334], [77.24166666666667, 28.620666666666665]]}}, {"type": "Feature", "properties": {"id": 1603, "highway": "primary"}, "geometry": {"type": "LineString", "coordinates": [[77.24166666666667, 28.620666666666665], [77.24166666666667, 28.622]]}}, {"type": "Feature", "properties": {"id": 1604, "highway": "primary"}, "geometry": {"type": "LineString", "coordinates": [[77.24166666666667, 28.622], [77.24166666666667, 28.62333333333333]]}}, {"type": "Feature", "properties": {"id": 1605, "highway": "primary"}, "geometry": {"type": "LineString", "coordinates": [[77.24166666666667, 28.62333333333333], [77.24166666666667, 28.624666666666666]]}}, {"type": "Feature", "properties": {"id": 1606, "highway": "primary"}, "geometry": {"type": "LineString", "coordinates": [[77.24166666666667, 28.624666666666666], [77.24166666666667, 28.625999999999998]]}}, {"type": "Feature", "properties": {"id": 1607, "highway": "primary"}, "geometry": {"type": "LineString", "coordinates": [[77.24166666666667, 28.625999999999998], [77.24166666666667, 28.627333333333333]]}}, {"type": "Feature", "properties": {"id": 1608, "highway": "primary"}, "geometry": {"type": "LineString", "coordinates": [[77.24166666666667, 28.627333333333333], [77.24166666666667, 28.628666666666664]]}}, {"type": "Feature", "properties": {"id": 1609, "highway": "primary"}, "geometry": {"type": "LineString", "coordinates": [[77.24166666666667, 28.628666666666664], [77.24166666666667, 28.63]]}}, {"type": "Feature", "properties": {"id": 1610, "highway": "primary"}, "geometry": {"type": "LineString", "coordinates": [[77.24166666666667, 28.63], [77.24166666666667, 28.631333333333334]]}}, {"type": "Feature", "properties": {"id": 1611, "highway": "primary"}, "geometry": {"type": "LineString", "coordinates": [[77.24166666666667, 28.631333333333334], [77.24166666666667, 28.632666666666665]]}}, {"type": "Feature", "properties": {"id": 1612, "highway": "primary"}, "geometry": {"type": "LineString", "coordinates": [[77.24166666666667, 28.632666666666665], [77.24166666666667, 28.634]]}}, {"type": "Feature", "properties": {"id": 1613, "highway": "primary"}, "geometry": {"type": "LineString", "coordinates": [[77.24166666666667, 28.634], [77.24166666666667, 28.63533333333333]]}}, {"type": "Feature", "properties": {"id": 1614, "highway": "primary"}, "geometry": {"type": "LineString", "coordinates": [[77.24166666666667, 28.63533333333333], [77.24166666666667, 28.636666666666667]]}}, {"type": "Feature", "properties": {"id": 1615, "highway": "primary"}, "geometry": {"type": "LineString", "coordinates": [[77.24166666666667, 28.636666666666667], [77.24166666666667, 28.637999999999998]]}}, {"type": "Feature", "properties": {"id": 1616, "highway": "primary"}, "geometry": {"type": "LineString", "coordinates": [[77.24166666666667, 28.637999999999998], [77.24166666666667, 28.639333333333333]]}}, {"type": "Feature", "properties": {"id": 1617, "highway": "primary"}, "geometry": {"type": "LineString", "coordinates": [[77.24166666666667, 28.639333333333333], [77.24166666666667, 28.640666666666664]]}}, {"type": "Feature", "properties": {"id": 1618, "highway": "primary"}, "geometry": {"type": "LineString", "coordinates": [[77.24166666666667, 28.640666666666664], [77.24166666666667, 28.642]]}}, {"type": "Feature", "properties": {"id": 1619, "highway": "primary"}, "geometry": {"type": "LineString", "coordinates": [[77.24166666666667, 28.642], [77.24166666666667, 28.64333333333333]]}}, {"type": "Feature", "properties": {"id": 1620, "highway": "primary"}, "geometry": {"type": "LineString", "coordinates": [[77.24166666666667, 28.64333333333333], [77.24166666666667, 28.644666666666666]]}}, {"type": "Feature", "properties": {"id": 1621, "highway": "primary"}, "geometry": {"type": "LineString", "coordinates": [[77.24166666666667, 28.644666666666666], [77.24166666666667, 28.645999999999997]]}}, {"type": "Feature", "properties": {"id": 1622, "highway": "primary"}, "geometry": {"type": "LineString", "coordinates": [[77.24166666666667, 28.645999999999997], [77.24166666666667, 28.647333333333332]]}}, {"type": "Feature", "properties": {"id": 1623, "highway": "primary"}, "geometry": {"type": "LineString", "coordinates": [[77.24166666666667, 28.647333333333332], [77.24166666666667, 28.648666666666664]]}}, {"type": "Feature", "properties": {"id": 1624, "highway": "primary"}, "geometry": {"type": "LineString", "coordinates": [[77.24333333333334, 28.61], [77.24333333333334, 28.611333333333334]]}}, {"type": "Feature", "properties": {"id": 1625, "highway": "primary"}, "geometry": {"type": "LineString", "coordinates": [[77.24333333333334, 28.611333333333334], [77.24333333333334, 28.612666666666666]]}}, {"type": "Feature", "properties": {"id": 1626, "highway": "primary"}, "geometry": {"type": "LineString", "coordinates": [[77.24333333333334, 28.612666666666666], [77.24333333333334, 28.614]]}}, {"type": "Feature", "properties": {"id": 1627, "highway": "primary"}, "geometry": {"type": "LineString", "coordinates": [[77.24333333333334, 28.614], [77.24333333333334, 28.615333333333332]]}}, {"type": "Feature", "properties": {"id": 1628, "highway": "primary"}, "geometry": {"type": "LineString", "coordinates": [[77.24333333333334, 28.615333333333332], [77.24333333333334, 28.616666666666667]]}}, {"type": "Feature", "properties": {"id": 1629, "highway": "primary"}, "geometry": {"type": "LineString", "coordinates": [[77.24333333333334, 28.616666666666667], [77.24333333333334, 28.618]]}}, {"type": "Feature", "properties": {"id": 1630, "highway": "primary"}, "geometry": {"type": "LineString", "coordinates": [[77.24333333333334, 28.618], [77.24333333333334, 28.619333333333334]]}}, {"type": "Feature", "properties": {"id": 1631, "highway": "primary"}, "geometry": {"type": "LineString", "coordinates": [[77.24333333333334, 28.619333333333334], [77.24333333333334, 28.620666666666665]]}}, {"type": "Feature", "properties": {"id": 1632, "highway": "primary"}, "geometry": {"type": "LineString", "coordinates": [[77.24333333333334, 28.620666666666665], [77.24333333333334, 28.622]]}}, {"type": "Feature", "properties": {"id": 1633, "highway": "primary"}, "geometry": {"type": "LineString", "coordinates": [[77.24333333333334, 28.622], [77.24333333333334, 28.62333333333333]]}}, {"type": "Feature", "properties": {"id": 1634, "highway": "primary"}, "geometry": {"type": "LineString", "coordinates": [[77.24333333333334, 28.62333333333333], [77.24333333333334, 28.624666666666666]]}}, {"type": "Feature", "properties": {"id": 1635, "highway": "primary"}, "geometry": {"type": "LineString", "coordinates": [[77.24333333333334, 28.624666666666666], [77.24333333333334, 28.625999999999998]]}}, {"type": "Feature", "properties": {"id": 1636, "highway": "primary"}, "geometry": {"type": "LineString", "coordinates": [[77.24333333333334, 28.625999999999998], [77.24333333333334, 28.627333333333333]]}}, {"type": "Feature", "properties": {"id": 1637, "highway": "primary"}, "geometry": {"type": "LineString", "coordinates": [[77.24333333333334, 28.627333333333333], [77.24333333333334, 28.628666666666664]]}}, {"type": "Feature", "properties": {"id": 1638, "highway": "primary"}, "geometry": {"type": "LineString", "coordinates": [[77.24333333333334, 28.628666666666664], [77.24333333333334, 28.63]]}}, {"type": "Feature", "properties": {"id": 1639, "highway": "primary"}, "geometry": {"type": "LineString", "coordinates": [[77.24333333333334, 28.63], [77.24333333333334, 28.631333333333334]]}}, {"type": "Feature", "properties": {"id": 1640, "highway": "primary"}, "geometry": {"type": "LineString", "coordinates": [[77.24333333333334, 28.631333333333334], [77.24333333333334, 28.632666666666665]]}}, {"type": "Feature", "properties": {"id": 1641, "highway": "primary"}, "geometry": {"type": "LineString", "coordinates": [[77.24333333333334, 28.632666666666665], [77.24333333333334, 28.634]]}}, {"type": "Feature", "properties": {"id": 1642, "highway": "primary"}, "geometry": {"type": "LineString", "coordinates": [[77.24333333333334, 28.634], [77.24333333333334, 28.63533333333333]]}}, {"type": "Feature", "properties": {"id": 1643, "highway": "primary"}, "geometry": {"type": "LineString", "coordinates": [[77.24333333333334, 28.63533333333333], [77.24333333333334, 28.636666666666667]]}}, {"type": "Feature", "properties": {"id": 1644, "highway": "primary"}, "geometry": {"type": "LineString", "coordinates": [[77.24333333333334, 28.636666666666667], [77.24333333333334, 28.637999999999998]]}}, {"type": "Feature", "properties": {"id": 1645, "highway": "primary"}, "geometry": {"type": "LineString", "coordinates": [[77.24333333333334, 28.637999999999998], [77.24333333333334, 28.639333333333333]]}}, {"type": "Feature", "properties": {"id": 1646, "highway": "primary"}, "geometry": {"type": "LineString", "coordinates": [[77.24333333333334, 28.639333333333333], [77.24333333333334, 28.640666666666664]]}}, {"type": "Feature", "properties": {"id": 1647, "highway": "primary"}, "geometry": {"type": "LineString", "coordinates": [[77.24333333333334, 28.640666666666664], [77.24333333333334, 28.642]]}}, {"type": "Feature", "properties": {"id": 1648, "highway": "primary"}, "geometry": {"type": "LineString", "coordinates": [[77.24333333333334, 28.642], [77.24333333333334, 28.64333333333333]]}}, {"type": "Feature", "properties": {"id": 1649, "highway": "primary"}, "geometry": {"type": "LineString", "coordinates": [[77.24333333333334, 28.64333333333333], [77.24333333333334, 28.644666666666666]]}}, {"type": "Feature", "properties": {"id": 1650, "highway": "primary"}, "geometry": {"type": "LineString", "coordinates": [[77.24333333333334, 28.644666666666666], [77.24333333333334, 28.645999999999997]]}}, {"type": "Feature", "properties": {"id": 1651, "highway": "primary"}, "geometry": {"type": "LineString", "coordinates": [[77.24333333333334, 28.645999999999997], [77.24333333333334, 28.647333333333332]]}}, {"type": "Feature", "properties": {"id": 1652, "highway": "primary"}, "geometry": {"type": "LineString", "coordinates": [[77.24333333333334, 28.647333333333332], [77.24333333333334, 28.648666666666664]]}}, {"type": "Feature", "properties": {"id": 1653, "highway": "primary"}, "geometry": {"type": "LineString", "coordinates": [[77.245, 28.61], [77.245, 28.611333333333334]]}}, {"type": "Feature", "properties": {"id": 1654, "highway": "primary"}, "geometry": {"type": "LineString", "coordinates": [[77.245, 28.611333333333334], [77.245, 28.612666666666666]]}}, {"type": "Feature", "properties": {"id": 1655, "highway": "primary"}, "geometry": {"type": "LineString", "coordinates": [[77.245, 28.612666666666666], [77.245, 28.614]]}}, {"type": "Feature", "properties": {"id": 1656, "highway": "primary"}, "geometry": {"type": "LineString", "coordinates": [[77.245, 28.614], [77.245, 28.615333333333332]]}}, {"type": "Feature", "properties": {"id": 1657, "highway": "primary"}, "geometry": {"type": "LineString", "coordinates": [[77.245, 28.615333333333332], [77.245, 28.616666666666667]]}}, {"type": "Feature", "properties": {"id": 1658, "highway": "primary"}, "geometry": {"type": "LineString", "coordinates": [[77.245, 28.616666666666667], [77.245, 28.618]]}}, {"type": "Feature", "properties": {"id": 1659, "highway": "primary"}, "geometry": {"type": "LineString", "coordinates": [[77.245, 28.618], [77.245, 28.619333333333334]]}}, {"type": "Feature", "properties": {"id": 1660, "highway": "primary"}, "geometry": {"type": "LineString", "coordinates": [[77.245, 28.619333333333334], [77.245, 28.620666666666665]]}}, {"type": "Feature", "properties": {"id": 1661, "highway": "primary"}, "geometry": {"type": "LineString", "coordinates": [[77.245, 28.620666666666665], [77.245, 28.622]]}}, {"type": "Feature", "properties": {"id": 1662, "highway": "primary"}, "geometry": {"type": "LineString", "coordinates": [[77.245, 28.622], [77.245, 28.62333333333333]]}}, {"type": "Feature", "properties": {"id": 1663, "highway": "primary"}, "geometry": {"type": "LineString", "coordinates": [[77.245, 28.62333333333333], [77.245, 28.624666666666666]]}}, {"type": "Feature", "properties": {"id": 1664, "highway": "primary"}, "geometry": {"type": "LineString", "coordinates": [[77.245, 28.624666666666666], [77.245, 28.625999999999998]]}}, {"type": "Feature", "properties": {"id": 1665, "highway": "primary"}, "geometry": {"type": "LineString", "coordinates": [[77.245, 28.625999999999998], [77.245, 28.627333333333333]]}}, {"type": "Feature", "properties": {"id": 1666, "highway": "primary"}, "geometry": {"type": "LineString", "coordinates": [[77.245, 28.627333333333333], [77.245, 28.628666666666664]]}}, {"type": "Feature", "properties": {"id": 1667, "highway": "primary"}, "geometry": {"type": "LineString", "coordinates": [[77.245, 28.628666666666664], [77.245, 28.63]]}}, {"type": "Feature", "properties": {"id": 1668, "highway": "primary"}, "geometry": {"type": "LineString", "coordinates": [[77.245, 28.63], [77.245, 28.631333333333334]]}}, {"type": "Feature", "properties": {"id": 1669, "highway": "primary"}, "geometry": {"type": "LineString", "coordinates": [[77.245, 28.631333333333334], [77.245, 28.632666666666665]]}}, {"type": "Feature", "properties": {"id": 1670, "highway": "primary"}, "geometry": {"type": "LineString", "coordinates": [[77.245, 28.632666666666665], [77.245, 28.634]]}}, {"type": "Feature", "properties": {"id": 1671, "highway": "primary"}, "geometry": {"type": "LineString", "coordinates": [[77.245, 28.634], [77.245, 28.63533333333333]]}}, {"type": "Feature", "properties": {"id": 1672, "highway": "primary"}, "geometry": {"type": "LineString", "coordinates": [[77.245, 28.63533333333333], [77.245, 28.636666666666667]]}}, {"type": "Feature", "properties": {"id": 1673, "highway": "primary"}, "geometry": {"type": "LineString", "coordinates": [[77.245, 28.636666666666667], [77.245, 28.637999999999998]]}}, {"type": "Feature", "properties": {"id": 1674, "highway": "primary"}, "geometry": {"type": "LineString", "coordinates": [[77.245, 28.637999999999998], [77.245, 28.639333333333333]]}}, {"type": "Feature", "properties": {"id": 1675, "highway": "primary"}, "geometry": {"type": "LineString", "coordinates": [[77.245, 28.639333333333333], [77.245, 28.640666666666664]]}}, {"type": "Feature", "properties": {"id": 1676, "highway": "primary"}, "geometry": {"type": "LineString", "coordinates": [[77.245, 28.640666666666664], [77.245, 28.642]]}}, {"type": "Feature", "properties": {"id": 1677, "highway": "primary"}, "geometry": {"type": "LineString", "coordinates": [[77.245, 28.642], [77.245, 28.64333333333333]]}}, {"type": "Feature", "properties": {"id": 1678, "highway": "primary"}, "geometry": {"type": "LineString", "coordinates": [[77.245, 28.64333333333333], [77.245, 28.644666666666666]]}}, {"type": "Feature", "properties": {"id": 1679, "highway": "primary"}, "geometry": {"type": "LineString", "coordinates": [[77.245, 28.644666666666666], [77.245, 28.645999999999997]]}}, {"type": "Feature", "properties": {"id": 1680, "highway": "primary"}, "geometry": {"type": "LineString", "coordinates": [[77.245, 28.645999999999997], [77.245, 28.647333333333332]]}}, {"type": "Feature", "properties": {"id": 1681, "highway": "primary"}, "geometry": {"type": "LineString", "coordinates": [[77.245, 28.647333333333332], [77.245, 28.648666666666664]]}}, {"type": "Feature", "properties": {"id": 1682, "highway": "primary"}, "geometry": {"type": "LineString", "coordinates": [[77.24666666666667, 28.61], [77.24666666666667, 28.611333333333334]]}}, {"type": "Feature", "properties": {"id": 1683, "highway": "primary"}, "geometry": {"type": "LineString", "coordinates": [[77.24666666666667, 28.611333333333334], [77.24666666666667, 28.612666666666666]]}}, {"type": "Feature", "properties": {"id": 1684, "highway": "primary"}, "geometry": {"type": "LineString", "coordinates": [[77.24666666666667, 28.612666666666666], [77.24666666666667, 28.614]]}}, {"type": "Feature", "properties": {"id": 1685, "highway": "primary"}, "geometry": {"type": "LineString", "coordinates": [[77.24666666666667, 28.614], [77.24666666666667, 28.615333333333332]]}}, {"type": "Feature", "properties": {"id": 1686, "highway": "primary"}, "geometry": {"type": "LineString", "coordinates": [[77.24666666666667, 28.615333333333332], [77.24666666666667, 28.616666666666667]]}}, {"type": "Feature", "properties": {"id": 1687, "highway": "primary"}, "geometry": {"type": "LineString", "coordinates": [[77.24666666666667, 28.616666666666667], [77.24666666666667, 28.618]]}}, {"type": "Feature", "properties": {"id": 1688, "highway": "primary"}, "geometry": {"type": "LineString", "coordinates": [[77.24666666666667, 28.618], [77.24666666666667, 28.619333333333334]]}}, {"type": "Feature", "properties": {"id": 1689, "highway": "primary"}, "geometry": {"type": "LineString", "coordinates": [[77.24666666666667, 28.619333333333334], [77.24666666666667, 28.620666666666665]]}}, {"type": "Feature", "properties": {"id": 1690, "highway": "primary"}, "geometry": {"type": "LineString", "coordinates": [[77.24666666666667, 28.620666666666665], [77.24666666666667, 28.622]]}}, {"type": "Feature", "properties": {"id": 1691, "highway": "primary"}, "geometry": {"type": "LineString", "coordinates": [[77.24666666666667, 28.622], [77.24666666666667, 28.62333333333333]]}}, {"type": "Feature", "properties": {"id": 1692, "highway": "primary"}, "geometry": {"type": "LineString", "coordinates": [[77.24666666666667, 28.62333333333333], [77.24666666666667, 28.624666666666666]]}}, {"type": "Feature", "properties": {"id": 1693, "highway": "primary"}, "geometry": {"type": "LineString", "coordinates": [[77.24666666666667, 28.624666666666666], [77.24666666666667, 28.625999999999998]]}}, {"type": "Feature", "properties": {"id": 1694, "highway": "primary"}, "geometry": {"type": "LineString", "coordinates": [[77.24666666666667, 28.625999999999998], [77.24666666666667, 28.627333333333333]]}}, {"type": "Feature", "properties": {"id": 1695, "highway": "primary"}, "geometry": {"type": "LineString", "coordinates": [[77.24666666666667, 28.627333333333333], [77.24666666666667, 28.628666666666664]]}}, {"type": "Feature", "properties": {"id": 1696, "highway": "primary"}, "geometry": {"type": "LineString", "coordinates": [[77.24666666666667, 28.628666666666664], [77.24666666666667, 28.63]]}}, {"type": "Feature", "properties": {"id": 1697, "highway": "primary"}, "geometry": {"type": "LineString", "coordinates": [[77.24666666666667, 28.63], [77.24666666666667, 28.631333333333334]]}}, {"type": "Feature", "properties": {"id": 1698, "highway": "primary"}, "geometry": {"type": "LineString", "coordinates": [[77.24666666666667, 28.631333333333334], [77.24666666666667, 28.632666666666665]]}}, {"type": "Feature", "properties": {"id": 1699, "highway": "primary"}, "geometry": {"type": "LineString", "coordinates": [[77.24666666666667, 28.632666666666665], [77.24666666666667, 28.634]]}}, {"type": "Feature", "properties": {"id": 1700, "highway": "primary"}, "geometry": {"type": "LineString", "coordinates": [[77.24666666666667, 28.634], [77.24666666666667, 28.63533333333333]]}}, {"type": "Feature", "properties": {"id": 1701, "highway": "primary"}, "geometry": {"type": "LineString", "coordinates": [[77.24666666666667, 28.63533333333333], [77.24666666666667, 28.636666666666667]]}}, {"type": "Feature", "properties": {"id": 1702, "highway": "primary"}, "geometry": {"type": "LineString", "coordinates": [[77.24666666666667, 28.636666666666667], [77.24666666666667, 28.637999999999998]]}}, {"type": "Feature", "properties": {"id": 1703, "highway": "primary"}, "geometry": {"type": "LineString", "coordinates": [[77.24666666666667, 28.637999999999998], [77.24666666666667, 28.639333333333333]]}}, {"type": "Feature", "properties": {"id": 1704, "highway": "primary"}, "geometry": {"type": "LineString", "coordinates": [[77.24666666666667, 28.639333333333333], [77.24666666666667, 28.640666666666664]]}}, {"type": "Feature", "properties": {"id": 1705, "highway": "primary"}, "geometry": {"type": "LineString", "coordinates": [[77.24666666666667, 28.640666666666664], [77.24666666666667, 28.642]]}}, {"type": "Feature", "properties": {"id": 1706, "highway": "primary"}, "geometry": {"type": "LineString", "coordinates": [[77.24666666666667, 28.642], [77.24666666666667, 28.64333333333333]]}}, {"type": "Feature", "properties": {"id": 1707, "highway": "primary"}, "geometry": {"type": "LineString", "coordinates": [[77.24666666666667, 28.64333333333333], [77.24666666666667, 28.644666666666666]]}}, {"type": "Feature", "properties": {"id": 1708, "highway": "primary"}, "geometry": {"type": "LineString", "coordinates": [[77.24666666666667, 28.644666666666666], [77.24666666666667, 28.645999999999997]]}}, {"type": "Feature", "properties": {"id": 1709, "highway": "primary"}, "geometry": {"type": "LineString", "coordinates": [[77.24666666666667, 28.645999999999997], [77.24666666666667, 28.647333333333332]]}}, {"type": "Feature", "properties": {"id": 1710, "highway": "primary"}, "geometry": {"type": "LineString", "coordinates": [[77.24666666666667, 28.647333333333332], [77.24666666666667, 28.648666666666664]]}}, {"type": "Feature", "properties": {"id": 1711, "highway": "primary"}, "geometry": {"type": "LineString", "coordinates": [[77.24833333333333, 28.61], [77.24833333333333, 28.611333333333334]]}}, {"type": "Feature", "properties": {"id": 1712, "highway": "primary"}, "geometry": {"type": "LineString", "coordinates": [[77.24833333333333, 28.611333333333334], [77.24833333333333, 28.612666666666666]]}}, {"type": "Feature", "properties": {"id": 1713, "highway": "primary"}, "geometry": {"type": "LineString", "coordinates": [[77.24833333333333, 28.612666666666666], [77.24833333333333, 28.614]]}}, {"type": "Feature", "properties": {"id": 1714, "highway": "primary"}, "geometry": {"type": "LineString", "coordinates": [[77.24833333333333, 28.614], [77.24833333333333, 28.615333333333332]]}}, {"type": "Feature", "properties": {"id": 1715, "highway": "primary"}, "geometry": {"type": "LineString", "coordinates": [[77.24833333333333, 28.615333333333332], [77.24833333333333, 28.616666666666667]]}}, {"type": "Feature", "properties": {"id": 1716, "highway": "primary"}, "geometry": {"type": "LineString", "coordinates": [[77.24833333333333, 28.616666666666667], [77.24833333333333, 28.618]]}}, {"type": "Feature", "properties": {"id": 1717, "highway": "primary"}, "geometry": {"type": "LineString", "coordinates": [[77.24833333333333, 28.618], [77.24833333333333, 28.619333333333334]]}}, {"type": "Feature", "properties": {"id": 1718, "highway": "primary"}, "geometry": {"type": "LineString", "coordinates": [[77.24833333333333, 28.619333333333334], [77.24833333333333, 28.620666666666665]]}}, {"type": "Feature", "properties": {"id": 1719, "highway": "primary"}, "geometry": {"type": "LineString", "coordinates": [[77.24833333333333, 28.620666666666665], [77.24833333333333, 28.622]]}}, {"type": "Feature", "properties": {"id": 1720, "highway": "primary"}, "geometry": {"type": "LineString", "coordinates": [[77.24833333333333, 28.622], [77.24833333333333, 28.62333333333333]]}}, {"type": "Feature", "properties": {"id": 1721, "highway": "primary"}, "geometry": {"type": "LineString", "coordinates": [[77.24833333333333, 28.62333333333333], [77.24833333333333, 28.624666666666666]]}}, {"type": "Feature", "properties": {"id": 1722, "highway": "primary"}, "geometry": {"type": "LineString", "coordinates": [[77.24833333333333, 28.624666666666666], [77.24833333333333, 28.625999999999998]]}}, {"type": "Feature", "properties": {"id": 1723, "highway": "primary"}, "geometry": {"type": "LineString", "coordinates": [[77.24833333333333, 28.625999999999998], [77.24833333333333, 28.627333333333333]]}}, {"type": "Feature", "properties": {"id": 1724, "highway": "primary"}, "geometry": {"type": "LineString", "coordinates": [[77.24833333333333, 28.627333333333333], [77.24833333333333, 28.628666666666664]]}}, {"type": "Feature", "properties": {"id": 1725, "highway": "primary"}, "geometry": {"type": "LineString", "coordinates": [[77.24833333333333, 28.628666666666664], [77.24833333333333, 28.63]]}}, {"type": "Feature", "properties": {"id": 1726, "highway": "primary"}, "geometry": {"type": "LineString", "coordinates": [[77.24833333333333, 28.63], [77.24833333333333, 28.631333333333334]]}}, {"type": "Feature", "properties": {"id": 1727, "highway": "primary"}, "geometry": {"type": "LineString", "coordinates": [[77.24833333333333, 28.631333333333334], [77.24833333333333, 28.632666666666665]]}}, {"type": "Feature", "properties": {"id": 1728, "highway": "primary"}, "geometry": {"type": "LineString", "coordinates": [[77.24833333333333, 28.632666666666665], [77.24833333333333, 28.634]]}}, {"type": "Feature", "properties": {"id": 1729, "highway": "primary"}, "geometry": {"type": "LineString", "coordinates": [[77.24833333333333, 28.634], [77.24833333333333, 28.63533333333333]]}}, {"type": "Feature", "properties": {"id": 1730, "highway": "primary"}, "geometry": {"type": "LineString", "coordinates": [[77.24833333333333, 28.63533333333333], [77.24833333333333, 28.636666666666667]]}}, {"type": "Feature", "properties": {"id": 1731, "highway": "primary"}, "geometry": {"type": "LineString", "coordinates": [[77.24833333333333, 28.636666666666667], [77.24833333333333, 28.637999999999998]]}}, {"type": "Feature", "properties": {"id": 1732, "highway": "primary"}, "geometry": {"type": "LineString", "coordinates": [[77.24833333333333, 28.637999999999998], [77.24833333333333, 28.639333333333333]]}}, {"type": "Feature", "properties": {"id": 1733, "highway": "primary"}, "geometry": {"type": "LineString", "coordinates": [[77.24833333333333, 28.639333333333333], [77.24833333333333, 28.640666666666664]]}}, {"type": "Feature", "properties": {"id": 1734, "highway": "primary"}, "geometry": {"type": "LineString", "coordinates": [[77.24833333333333, 28.640666666666664], [77.24833333333333, 28.642]]}}, {"type": "Feature", "properties": {"id": 1735, "highway": "primary"}, "geometry": {"type": "LineString", "coordinates": [[77.24833333333333, 28.642], [77.24833333333333, 28.64333333333333]]}}, {"type": "Feature", "properties": {"id": 1736, "highway": "primary"}, "geometry": {"type": "LineString", "coordinates": [[77.24833333333333, 28.64333333333333], [77.24833333333333, 28.644666666666666]]}}, {"type": "Feature", "properties": {"id": 1737, "highway": "primary"}, "geometry": {"type": "LineString", "coordinates": [[77.24833333333333, 28.644666666666666], [77.24833333333333, 28.645999999999997]]}}, {"type": "Feature", "properties": {"id": 1738, "highway": "primary"}, "geometry": {"type": "LineString", "coordinates": [[77.24833333333333, 28.645999999999997], [77.24833333333333, 28.647333333333332]]}}, {"type": "Feature", "properties": {"id": 1739, "highway": "primary"}, "geometry": {"type": "LineString", "coordinates": [[77.24833333333333, 28.647333333333332], [77.24833333333333, 28.648666666666664]]}}]}